Time,Vx,PbkD_L1,PbkD_L2,PbkD_R1,PbkD_R2,Ax,AV_Eng,Ay,StrSWr_1,Qfuel,CmpS_L1,CmpS_L2,CmpS_R1,CmpS_R2
0,79.68134799,0,0,0,0,-0.01103474,2073.398005,2.67E-09,0.036445691,0.000364806,121.6153154,78.04539523,121.6153154,78.04539523
0.025,79.66728669,0,0,0,0,-0.017103877,2071.073838,0.064302273,0.811102321,0.000300483,121.5893666,78.0052858,121.5873188,78.08419761
0.05,79.65226691,0,0,0,0,-0.016987368,2056.792105,0.077054926,0.792294961,0.000236134,121.341667,77.8731028,121.5256586,78.20573922
0.075,79.63701931,0.007824734,0.003129894,0.007824734,0.003129894,-0.017897774,2038.267533,0.07077352,0.745320673,0.000233827,120.7817093,77.6046386,121.4277356,78.4386244
0.1,79.62049925,0.098110372,0.039244149,0.098110372,0.039244149,-0.020185934,2023.212454,0.066203953,0.673508571,0.000232321,119.9805589,77.21611865,121.3360656,78.74849287
0.125,79.60052441,0.109338335,0.043735334,0.109338335,0.043735334,-0.025109909,2011.682928,0.065784434,0.581879788,0.000231168,119.1166629,76.78564574,121.2791586,79.04414208
0.15,79.57649594,0.120600302,0.048240121,0.120600302,0.048240121,-0.029242525,2003.337899,0.066636011,0.475115142,0.000230334,118.3745383,76.35630756,121.2709542,79.20388711
0.175,79.54903994,0.131908419,0.052763368,0.131908419,0.052763368,-0.032726073,1997.667595,0.065809596,0.357139069,0.000229767,117.8698272,75.88747775,121.3195743,79.11694147
0.2,79.51835029,0.212809388,0.085123755,0.212809388,0.085123755,-0.036911587,1994.093253,0.062545702,0.231428668,0.000229409,117.6270408,75.40752853,121.4291241,78.8264694
0.225,79.48370559,0.226991211,0.090796484,0.226991211,0.090796484,-0.040947313,1992.000475,0.057334279,0.101450529,0.0002292,117.5975902,74.99217503,121.5960327,78.47412593
0.25,79.44590744,0.241282175,0.09651287,0.241282175,0.09651287,-0.044012577,1990.860072,0.050763255,-0.029272874,0.000229086,117.7094909,74.70466637,121.8087484,78.18718481
0.275,79.40568974,0.311147516,0.124459006,0.311147516,0.124459006,-0.046503152,1990.247753,0.042941015,-0.157338084,0.000229025,117.9090304,74.5656033,122.051582,78.01967334
0.3,79.36273432,0.328074086,0.131229634,0.328074086,0.131229634,-0.050266301,1989.828664,0.033736658,-0.279716194,0.000228983,118.173247,74.55791213,122.3091927,77.95552871
0.325,79.31673814,0.345142713,0.138057085,0.345142713,0.138057085,-0.053497069,1989.360295,0.023185544,-0.393987554,0.000228936,118.5053552,74.64960005,122.5699919,77.94365772
0.35,79.26815559,0.362365382,0.144946153,0.362365382,0.144946153,-0.056370005,1988.734439,0.011315186,-0.498491759,0.000228873,118.9231118,74.81477493,122.8271037,77.93381366
0.375,79.21713484,0.424551181,0.169820472,0.424551181,0.169820472,-0.059598453,1987.92028,-0.00183335,-0.592275277,0.000228792,119.4465329,75.04236519,123.0770826,77.89619388
0.4,79.16288944,0.4439977,0.17759908,0.4439977,0.17759908,-0.063508036,1986.905931,-0.016185387,-0.674956182,0.000228691,120.0898833,75.3336955,123.3185504,77.82409039
0.425,79.10543718,0.463574887,0.185429955,0.463574887,0.185429955,-0.067067115,1985.705311,-0.03161001,-0.746666114,0.000228571,120.8578818,75.69610184,123.5514594,77.72568854
0.45,79.04498307,0.483287641,0.193315056,0.483287641,0.193315056,-0.070434973,1984.353879,-0.047922002,-0.80795232,0.000228435,121.7474174,76.13621246,123.7764186,77.61192837
0.475,78.98135044,0.538107924,0.21524317,0.538107924,0.21524317,-0.074505833,1982.878437,-0.064767592,-0.856479586,0.000228288,122.7523962,76.65687621,123.9940149,77.48888034
0.5,78.91396242,0.559620775,0.22384831,0.559620775,0.22384831,-0.078620991,1981.280352,-0.081154356,-0.886732754,0.000228128,123.8683611,77.25588451,124.2051947,77.3562519
0.525,78.84297356,0.581243766,0.232497506,0.581243766,0.232497506,-0.082514824,1979.573862,-0.09650174,-0.900444137,0.000227957,125.0922869,77.92665786,124.4128658,77.2111319
0.55,78.76848561,0.62777337,0.251109348,0.62777337,0.251109348,-0.086363911,1977.775861,-0.110847353,-0.899813072,0.000227778,126.418715,78.65959775,124.6225651,77.05247493
0.575,78.69013469,0.6508214,0.26032856,0.6508214,0.26032856,-0.090887144,1975.891319,-0.124290898,-0.887326819,0.000227589,127.8364218,79.44423382,124.8421142,76.88361673
0.6,78.60770924,0.673953634,0.269581454,0.673953634,0.269581454,-0.095244527,1973.91583,-0.136681262,-0.865576268,0.000227392,129.3295347,80.27038456,125.0804385,76.71158183
0.625,78.52132817,0.697169153,0.278867661,0.697169153,0.278867661,-0.099514986,1971.856352,-0.147770212,-0.83712438,0.000227186,130.880421,81.12845719,125.3461686,76.54475648
0.65,78.43099912,0.737612025,0.29504481,0.737612025,0.29504481,-0.104011331,1969.718738,-0.157233235,-0.80439701,0.000226972,132.4707919,82.00901878,125.6465399,76.39116369
0.675,78.33638968,0.761894527,0.304757811,0.761894527,0.304757811,-0.108785685,1967.497827,-0.165180749,-0.769583625,0.00022675,134.0816362,82.90169831,125.9872283,76.25787001
0.7,78.23750275,0.786239909,0.314495964,0.786239909,0.314495964,-0.113503639,1965.19087,-0.171616218,-0.734643647,0.000226519,135.6939428,83.79509254,126.3727251,76.15137967
0.725,78.13438722,0.810644156,0.324257662,0.810644156,0.324257662,-0.118233255,1962.800074,-0.1765722,-0.701270854,0.00022628,137.2893559,84.67778483,126.8066713,76.07732181
0.75,78.02695553,0.845646296,0.338258519,0.845646296,0.338258519,-0.123270504,1960.325548,-0.180121377,-0.670858657,0.000226033,138.8511748,85.53942765,127.2918121,76.04055064
0.775,77.91500491,0.87080601,0.348322404,0.87080601,0.348322404,-0.128400759,1957.761489,-0.182363025,-0.644486219,0.000225776,140.3656119,86.37128876,127.8300944,76.04497426
0.8,77.79853269,0.896002556,0.358401022,0.896002556,0.358401022,-0.133570154,1955.106316,-0.183422033,-0.622927572,0.000225511,141.822647,87.16670666,128.4226673,76.09321309
0.825,77.67750514,0.925932231,0.370372893,0.925932231,0.370372893,-0.138832365,1952.359474,-0.183445023,-0.606658934,0.000225236,143.216066,87.92112442,129.0697562,76.18655279
0.85,77.55177778,0.951618622,0.380647449,0.951618622,0.380647449,-0.144322846,1949.518295,-0.182592412,-0.595882875,0.000224952,144.5432547,88.63223156,129.7706636,76.32523613
0.875,77.42122963,0.977315832,0.390926333,0.977315832,0.390926333,-0.149895609,1946.578732,-0.181033658,-0.590567329,0.000224658,145.8050038,89.29984997,130.5239083,76.50835347
0.9,77.28578293,1.003012419,0.401204967,1.003012419,0.401204967,-0.155571368,1943.538747,-0.178944598,-0.590487801,0.000224354,147.0049594,89.92563567,131.3273521,76.73386058
0.925,77.14533636,1.029611521,0.411844609,1.029611521,0.411844609,-0.161378835,1940.396489,-0.17646761,-0.59527242,0.00022404,148.1487539,90.51269935,132.1782242,76.9988059
0.95,76.99975774,1.055543033,0.422217213,1.055543033,0.422217213,-0.167333315,1937.149693,-0.173778367,-0.604456716,0.000223715,149.2431396,91.06523559,133.0732098,77.29962773
0.975,76.84891967,1.081440139,0.432576055,1.081440139,0.432576055,-0.173426146,1933.796132,-0.171047203,-0.617527949,0.00022338,150.2953863,91.58810857,134.0084726,77.63234757
1,76.6926923,1.107288049,0.44291522,1.107288049,0.44291522,-0.179662369,1930.333771,-0.168444129,-0.633947338,0.000223033,151.3127563,92.08644781,134.9796294,77.99259732
1.025,76.53094142,1.13323753,0.453295012,1.13323753,0.453295012,-0.186047456,1926.760561,-0.166130631,-0.653173202,0.000222676,152.3021759,92.56541229,135.9816098,78.37576611
1.05,76.36352803,1.159145168,0.463658067,1.159145168,0.463658067,-0.192584483,1923.07435,-0.164219497,-0.674689384,0.000222307,153.2699932,93.03004607,137.0085804,78.776927
1.075,76.19031393,1.184963003,0.473985201,1.184963003,0.473985201,-0.199270254,1919.27289,-0.162791711,-0.698024592,0.000221927,154.2218499,93.48520246,138.0539707,79.1907958
1.1,76.0111646,1.210693652,0.484277461,1.210693652,0.484277461,-0.206100459,1915.353934,-0.161904078,-0.722764371,0.000221535,155.1626066,93.9354581,139.1106452,79.61186423
1.125,75.82595005,1.236429717,0.494571887,1.236429717,0.494571887,-0.213071018,1911.315206,-0.161578412,-0.748559166,0.000221132,156.0962545,94.38500877,140.1712041,80.03462486
1.15,75.63454158,1.262031878,0.504812751,1.262031878,0.504812751,-0.22017995,1907.154266,-0.161840566,-0.775130351,0.000220715,157.0258596,94.83757093,141.228321,80.45379543
1.175,75.43681667,1.287483817,0.514993527,1.287483817,0.514993527,-0.227418526,1902.868873,-0.162687157,-0.802268664,0.000220287,157.9536077,95.29631933,142.2750284,80.86448387
1.2,75.23266001,1.312813226,0.52512529,1.312813226,0.52512529,-0.234779089,1898.456921,-0.164097865,-0.829829832,0.000219846,158.8808394,95.76384732,143.304933,81.26229635
1.225,75.02350646,1.337864236,0.535145695,1.337864236,0.535145695,-0.239024058,1893.906565,-0.164337172,-0.856195409,0.000219391,159.7637464,96.23944716,144.2012757,81.64491373
1.25,74.80983279,1.362701582,0.545080633,1.362701582,0.545080633,-0.244892064,1889.152823,-0.166693191,-0.882917514,0.000218915,160.450011,96.70290746,144.6684185,82.01786789
1.275,74.5906578,1.387354583,0.554941833,1.387354583,0.554941833,-0.251431791,1884.180857,-0.17096823,-0.910864338,0.000218418,161.0338855,97.13015584,144.9517567,82.3884273
1.3,74.36553934,1.41175559,0.564702236,1.41175559,0.564702236,-0.25830293,1879.015869,-0.175672461,-0.939736265,0.000217902,161.5967811,97.5003222,145.1975166,82.76375075
1.325,74.13433279,1.435899762,0.574359905,1.435899762,0.574359905,-0.26517598,1873.688129,-0.179901511,-0.969009209,0.000217369,162.1675766,97.81613974,145.4548558,83.14351803
1.35,73.89825461,1.459844562,0.583937825,1.459844562,0.583937825,-0.269430054,1868.2189,-0.182003827,-0.9982397,0.000216822,162.7393696,98.06307267,145.7138104,83.42911681
1.375,73.65796195,1.483528618,0.593411447,1.483528618,0.593411447,-0.274731039,1862.641219,-0.185698063,-1.026868526,0.000216264,163.2693143,98.16668818,145.9393328,83.37140629
1.4,73.41278353,1.506767979,0.602707192,1.506767979,0.602707192,-0.28036903,1856.985847,-0.1914326,-1.054878894,0.000215699,163.7146911,98.23902147,146.0954283,83.19551422
1.425,73.16266724,1.529697865,0.611879146,1.529697865,0.611879146,-0.285811889,1851.236989,-0.19746081,-1.082822245,0.000215124,164.0445568,98.36637814,146.1633784,83.07619035
1.45,72.90792421,1.552414611,0.620965844,1.552414611,0.620965844,-0.290795193,1845.354291,-0.20265261,-1.111341497,0.000214535,164.2568902,98.55209663,146.140071,83.0302348
1.475,72.64898287,1.57490842,0.629963368,1.57490842,0.629963368,-0.295310009,1839.307586,-0.206900896,-1.140818849,0.000213931,164.3743834,98.74554979,146.0345241,82.98861456
1.5,72.38619389,1.596793775,0.63871751,1.596793775,0.63871751,-0.299511801,1833.093205,-0.2107244,-1.17126559,0.000213309,164.4287516,98.88902833,145.8623419,82.8749674
1.525,72.11974974,1.618298617,0.647319447,1.618298617,0.647319447,-0.303579223,1826.730436,-0.214744458,-1.202422016,0.000212673,164.445932,98.95037944,145.6384964,82.64973871
1.55,71.84971276,1.639526897,0.655810759,1.639526897,0.655810759,-0.307615846,1820.247389,-0.21925784,-1.233952767,0.000212025,164.4384299,98.92948043,145.3729146,82.31776456
1.575,71.57610172,1.660460406,0.664184162,1.660460406,0.664184162,-0.311617585,1813.655628,-0.224155658,-1.265607237,0.000211366,164.4067006,98.84811582,145.0694225,81.90986463
1.6,71.29896941,1.680588091,0.672235236,1.680588091,0.672235236,-0.315518197,1806.95715,-0.229338024,-1.297293477,0.000210696,164.3455311,98.73276136,144.7275382,81.45848305
1.625,71.01843971,1.700291523,0.680116609,1.700291523,0.680116609,-0.31924028,1800.15876,-0.234580824,-1.32904184,0.000210016,164.2505044,98.60124332,144.3455439,80.98296502
1.65,70.73468187,1.719717126,0.68788685,1.719717126,0.68788685,-0.322760747,1793.261685,-0.239764142,-1.3609315,0.000209663,164.1212616,98.45963435,143.9230657,80.48768515
1.675,70.44786751,1.738864776,0.69554591,1.738864776,0.69554591,-0.326095517,1786.266173,-0.24488095,-1.393025232,0.000209313,163.9614489,98.3059583,143.4621472,79.96813018
1.7,70.15814571,1.757083138,0.702833255,1.757083138,0.702833255,-0.329272176,1779.174251,-0.249930034,-1.425338642,0.000208959,163.7766678,98.135879,142.9668848,79.41854735
1.725,69.86564956,1.774797808,0.709919123,1.774797808,0.709919123,-0.332305291,1771.990104,-0.254998008,-1.457856324,0.0002086,163.5722483,97.94688765,142.4422506,78.83680125
1.75,69.5704866,1.792220201,0.71688808,1.792220201,0.71688808,-0.335227203,1764.718852,-0.260140582,-1.49054627,0.000208236,163.3519936,97.73977895,141.8927015,78.22520918
1.775,69.27275142,1.809351801,0.72374072,1.809351801,0.72374072,-0.338040801,1757.365657,-0.265333187,-1.523372092,0.000207868,163.1180429,97.51784844,141.3214917,77.58872743
1.8,68.97254134,1.825511903,0.730204761,1.825511903,0.730204761,-0.340733574,1749.934442,-0.270473305,-1.556186452,0.000207497,162.8714376,97.2852048,140.730616,76.93250684
1.825,68.66997556,1.841030505,0.736412202,1.841030505,0.736412202,-0.343276132,1742.427964,-0.275598034,-1.589519395,0.000207121,162.6127482,97.04521246,140.121254,76.26037709
1.85,68.36518337,1.856253415,0.742501366,1.856253415,0.742501366,-0.345675469,1734.848298,-0.280779011,-1.623700311,0.000206742,162.342584,96.79969374,139.4942662,75.57450032
1.875,68.05828604,1.871183371,0.748473349,1.871183371,0.748473349,-0.347940092,1727.197061,-0.285981941,-1.658271421,0.00020636,162.0617604,96.54937424,138.8505663,74.87589034
1.9,67.7493975,1.885221691,0.754088676,1.885221691,0.754088676,-0.350075663,1719.475949,-0.291152696,-1.692759286,0.000205974,161.7712293,96.29450721,138.191306,74.16516312
1.925,67.4386376,1.898395639,0.759358256,1.898395639,0.759358256,-0.352065167,1711.687202,-0.296246213,-1.726694092,0.000205584,161.4719399,96.03532573,137.5178875,73.44317787
1.95,67.1261309,1.911273732,0.764509493,1.911273732,0.764509493,-0.353918402,1703.833829,-0.301197446,-1.759629479,0.000205192,161.1646342,95.77217674,136.8319384,72.71135973
1.975,66.81199006,1.923859858,0.769543943,1.923859858,0.769543943,-0.355647881,1695.918998,-0.305958374,-1.791146194,0.000204796,160.849647,95.50536634,136.1353131,71.97156764
2,66.49631914,1.935773416,0.774309366,1.935773416,0.774309366,-0.35725826,1687.945743,-0.310547458,-1.820859864,0.000204397,160.5269008,95.23500728,135.4300137,71.22620009
2.025,66.17922999,1.94649589,0.778598356,1.94649589,0.778598356,-0.358724907,1679.917054,-0.314920736,-1.848446461,0.000203996,160.1959804,94.96094336,134.7181292,70.47776726
2.05,65.86085157,1.956928138,0.782771255,1.956928138,0.782771255,-0.360046148,1671.836308,-0.319036486,-1.87364684,0.000203592,159.8562742,94.68282753,134.0017265,69.72852956
2.075,65.54130525,1.96707497,0.786829988,1.96707497,0.786829988,-0.361233747,1663.706866,-0.322860498,-1.896263046,0.000203185,159.5070906,94.40021842,133.2827615,68.98050072
2.1,65.22070389,1.976920752,0.790768301,1.976920752,0.790768301,-0.362296555,1655.531848,-0.326365354,-1.916155315,0.000202777,159.1477049,94.11265157,132.5630761,68.23556061
2.125,64.89916051,1.985131204,0.794052482,1.985131204,0.794052482,-0.36322007,1647.314189,-0.329476601,-1.933240557,0.000202366,158.7773218,93.81964684,131.8444573,67.49556167
2.15,64.57680547,1.993061097,0.797224439,1.993061097,0.797224439,-0.36399637,1639.057081,-0.33224717,-1.947495646,0.000201953,158.3950781,93.5206995,131.1286776,66.76240659
2.175,64.25376397,2.000715663,0.800286265,2.000715663,0.800286265,-0.364638393,1630.763982,-0.334612282,-1.95893795,0.000201538,158.0001561,93.21530842,130.4174849,66.03801176
2.2,63.93014979,2.008099544,0.803239817,2.008099544,0.803239817,-0.365153113,1622.438048,-0.336603035,-1.967622123,0.000201122,157.5917106,92.90298837,129.7125663,65.32426394
2.225,63.60608643,2.014270445,0.805708178,2.014270445,0.805708178,-0.365541656,1614.081188,-0.33819142,-1.973627058,0.000200704,157.1689541,92.5833362,129.0154755,64.62289649
2.25,63.28170862,2.01967582,0.807870328,2.01967582,0.807870328,-0.36575381,1605.692969,-0.33934733,-1.977054868,0.000200285,156.7312001,92.25602879,128.3276335,63.93547533
2.275,62.95712636,2.024817791,0.809927116,2.024817791,0.809927116,-0.365880297,1597.271957,-0.340096572,-1.978027488,0.000199591,156.2778889,91.92083003,127.6502872,63.26341181
2.3,62.63244038,2.02970009,0.811880036,2.02970009,0.811880036,-0.365892588,1588.822779,-0.34041454,-1.976666346,0.000198323,155.8085674,91.57756331,126.9845289,62.60797043
2.325,62.30775224,2.034004646,0.813601858,2.034004646,0.813601858,-0.365802363,1580.351937,-0.340330683,-1.973078929,0.000197053,155.3228683,91.22605598,126.3313584,61.97012948
2.35,61.98317454,2.036874283,0.814749713,2.036874283,0.814749713,-0.365564461,1571.86548,-0.339875336,-1.967355003,0.00019578,154.8205829,90.86617693,125.6916193,61.35096304
2.375,61.65882946,2.03948959,0.815795836,2.03948959,0.815795836,-0.365222817,1563.369478,-0.339043535,-1.959583437,0.000194505,154.3016427,90.49788514,125.0660072,60.7513891
2.4,61.33481727,2.041853441,0.816741376,2.041853441,0.816741376,-0.364769437,1554.86943,-0.337836602,-1.949844992,0.00019323,153.766124,90.12126477,124.4550361,60.17209896
2.425,61.01123854,2.043968711,0.817587485,2.043968711,0.817587485,-0.364214555,1546.369864,-0.336260394,-1.938220594,0.000191955,153.214222,89.73650697,123.8590546,59.61364988
2.45,60.68818711,2.044750242,0.817900097,2.044750242,0.817900097,-0.363557165,1537.874493,-0.334323932,-1.924792883,0.000190681,152.6462137,89.34384809,123.2783178,59.07653426
2.475,60.36577328,2.044784422,0.817913769,2.044784422,0.817913769,-0.362770665,1529.386834,-0.332037491,-1.909649346,0.000189408,152.062426,88.94353275,122.7130419,58.56121991
2.5,60.04411226,2.044571785,0.817828714,2.044571785,0.817828714,-0.361869196,1520.910535,-0.329411718,-1.892881182,0.000188137,151.4632134,88.53580612,122.1634128,58.06815631
2.525,59.72331084,2.044114435,0.817645774,2.044114435,0.817645774,-0.360845234,1512.448716,-0.326454387,-1.874581687,0.000186867,150.8489553,88.12092714,121.6295658,57.59775633
2.55,59.40346952,2.043303482,0.817321393,2.043303482,0.817321393,-0.359744732,1504.001657,-0.323174475,-1.854845689,0.0001856,150.2200691,87.69917821,121.1115787,57.15036961
2.575,59.08466792,2.040503438,0.816201375,2.040503438,0.816201375,-0.358534097,1495.56948,-0.319591737,-1.833771671,0.000184335,149.5770467,87.27085722,120.6094742,56.726234
2.6,58.76667912,2.037443413,0.814977365,2.037443413,0.814977365,-0.358478407,1487.156058,-0.316784283,-1.811828097,0.000183073,148.9245079,86.8364969,120.1294236,56.32530568
2.625,58.44876091,2.03411232,0.813644928,2.03411232,0.813644928,-0.357731995,1478.795937,-0.313449079,-1.788724699,0.000181819,148.3051686,86.40133156,119.7469077,55.94520961
2.65,58.13206463,2.030538194,0.812215278,2.030538194,0.812215278,-0.355965346,1470.499125,-0.30816544,-1.763724384,0.000180575,147.7026986,85.97138443,119.4196431,55.58383729
2.675,57.81714236,2.026526821,0.810610728,2.026526821,0.810610728,-0.353835938,1462.224874,-0.302502394,-1.737269394,0.000179334,147.0835904,85.54921286,119.0670747,55.24116086
2.7,57.50417065,2.021919132,0.808767653,2.021919132,0.808767653,-0.35169378,1453.988755,-0.29724785,-1.709977614,0.000178098,146.4333545,85.12892585,118.6658419,54.92122593
2.725,57.19304279,2.017058346,0.806823338,2.017058346,0.806823338,-0.349789667,1445.80427,-0.292522602,-1.682285888,0.000176871,145.7567063,84.69724021,118.2323404,54.63029295
2.75,56.88348755,2.011936733,0.804774693,2.011936733,0.804774693,-0.348477311,1437.670742,-0.288277198,-1.654304112,0.000175651,145.0716098,84.24298102,117.7997732,54.37296361
2.775,56.57447277,2.0065412,0.80261648,2.0065412,0.80261648,-0.348176443,1429.595747,-0.285593941,-1.626026203,0.000174439,144.4028215,83.79373927,117.3975627,54.20011149
2.8,56.26631511,2.000633563,0.800253425,2.000633563,0.800253425,-0.346832122,1421.57939,-0.280073089,-1.597729976,0.000173237,143.7748933,83.35925339,117.0401263,54.13269586
2.825,55.95962911,1.994180125,0.79767205,1.994180125,0.79767205,-0.34511764,1413.621789,-0.273228665,-1.569116993,0.000172043,143.2000254,82.90271506,116.7290733,54.06025058
2.85,55.65452235,1.987442531,0.794977012,1.987442531,0.794977012,-0.343458519,1405.730294,-0.26686967,-1.539637426,0.00017086,142.6764238,82.41417291,116.4580572,53.94531133
2.875,55.35086272,1.980417859,0.792167144,1.980417859,0.792167144,-0.3419865,1397.910752,-0.26143858,-1.508991153,0.000169896,142.1877913,81.90885338,116.2203008,53.8170939
2.9,55.04675925,1.972915658,0.789166263,1.972915658,0.789166263,-0.346326955,1396.607872,-0.256522344,-1.477107623,0.00016983,141.7136821,81.41041201,116.0113962,53.71784614
2.925,54.73628418,1.964386773,0.785754709,1.964386773,0.785754709,-0.35488047,1406.590525,-0.25141043,-1.443755009,0.000170989,141.2435312,80.93142259,115.831208,53.66660951
2.95,54.41845396,1.954769492,0.781907797,1.954769492,0.781907797,-0.362923913,1426.585465,-0.245625677,-1.409154749,0.000173988,140.7809719,80.46779708,115.6855169,53.65437247
2.975,54.0941169,1.944341815,0.777736726,1.944341815,0.777736726,-0.369722871,1455.147586,-0.23923193,-1.37352102,0.000178272,140.3398116,80.00334221,115.5842826,53.65663398
3,53.7644484,1.933347299,0.77333892,1.933347299,0.77333892,-0.375167186,1490.567697,-0.232508194,-1.336917964,0.000183585,139.933466,79.52342913,115.5359618,53.65374126
3.025,53.43060764,1.921756734,0.768702694,1.921756734,0.768702694,-0.379339592,1531.283667,-0.225795247,-1.299360234,0.000189693,139.5671491,79.02414326,115.5432096,53.64173615
3.05,53.09366353,1.909451364,0.763780545,1.909451364,0.763780545,-0.382353004,1575.715941,-0.21918382,-1.260962476,0.000196357,139.2364105,78.51257985,115.6012497,53.63031732
3.075,52.75459472,1.89630235,0.75852094,1.89630235,0.75852094,-0.384296198,1622.500703,-0.212544337,-1.222003191,0.000201125,138.9305132,78.00142262,115.7000936,53.63386124
3.1,52.41430259,1.882637196,0.753054878,1.882637196,0.753054878,-0.385267536,1670.505983,-0.205865675,-1.182883835,0.000203525,138.6373952,77.50248975,115.8282789,53.66321212
3.125,52.07358773,1.868490044,0.747396017,1.868490044,0.747396017,-0.385399782,1718.828556,-0.199099667,-1.144063614,0.000205941,138.3474819,77.02260814,115.9756497,53.72242203
3.15,51.73604035,1.854113817,0.741645527,1.854113817,0.741645527,-0.375988898,1760.108192,-0.192299478,-1.106198119,0.000208005,138.0542538,76.56525099,116.1344676,53.81203185
3.175,51.41007956,1.839908892,0.735963557,1.839908892,0.735963557,-0.361476539,1790.0517,-0.185657478,-1.07029621,0.000209503,137.7503997,76.13857366,116.2966053,53.93822598
3.2,51.09698484,1.825613853,0.730245541,1.825613853,0.730245541,-0.347290522,1808.639654,-0.179310315,-1.036786037,0.000210864,137.4265149,75.75562279,116.4505827,54.11205989
3.225,50.79571359,1.811468781,0.724587513,1.811468781,0.724587513,-0.334983503,1816.862271,-0.173105424,-1.005908812,0.000211686,137.0722607,75.4314476,116.5835901,54.34615239
3.25,50.50434251,0,0,0,0,-0.322013018,1820.074526,-0.166836044,-0.977781392,0.000356724,136.6822877,75.17215556,116.6876797,54.64399892
3.275,50.24991943,0,0,0,0,-0.255843051,1855.185795,-0.160344534,-0.954329294,0.00060653,136.2530136,74.99258014,116.7579664,55.01669009
3.3,50.04698745,0,0,0,0,-0.204796228,1952.801801,-0.15488192,-0.93663904,0.000845384,135.7653775,74.92392289,116.7753209,55.49820012
3.325,49.89095943,0,0,0,0,-0.147544447,2073.818749,-0.15023474,-0.924374498,0.001041302,135.1830501,75.005915,116.7013888,56.1438418
3.35,49.78618375,0,0,0,0,-0.090237766,2180.988934,-0.145871577,-0.91770536,0.001188808,134.4721458,75.27832449,116.5005563,57.01102256
3.375,49.7300596,0,0,0,0,-0.03798677,2267.098768,-0.141458664,-0.915984171,0.001309927,133.6161804,75.7594415,116.1552768,58.11683644
3.4,49.71681843,0,0,0,0,0.006238835,2323.202269,-0.136760406,-0.917950393,0.00140492,132.6180187,76.44426249,115.6720991,59.43242362
3.425,49.73779724,0,0,0,0,0.03917549,2350.620291,-0.13159377,-0.921866882,0.00147968,131.4992985,77.29188113,115.080029,60.89631013
3.45,49.78298278,0,0,0,0,0.061250126,2359.539011,-0.126535278,-0.925839045,0.001539565,130.2971009,78.23214807,114.4220879,62.43952141
3.475,49.84363468,0,0,0,0,0.074541576,2358.079507,-0.121622022,-0.928041944,0.001592843,129.0578849,79.19362841,113.7450958,63.99803917
3.5,49.91310075,0,0,0,0,0.081573568,2352.090419,-0.116764289,-0.926844383,0.001642331,127.8294721,80.12114135,113.089831,65.51207654
3.525,49.98689778,0,0,0,0,0.084651967,2345.15958,-0.111862907,-0.920918913,0.001685183,126.652477,80.97695955,112.4839209,66.93072806
3.55,50.06236502,0,0,0,0,0.085567552,2339.281142,-0.107031262,-0.909302885,0.001723518,125.5537222,81.73724579,111.9394776,68.22064976
3.575,50.13810955,0,0,0,0,0.085449831,2335.375802,-0.102372194,-0.8914413,0.001761265,124.544011,82.39042461,111.4550851,69.36849574
3.6,50.21368539,0,0,0,0,0.085273672,2333.6892,-0.097970939,-0.867179183,0.001798953,123.620211,82.93600635,111.0204486,70.37694747
3.625,50.28922833,0,0,0,0,0.085426648,2334.148864,-0.093863083,-0.836705247,0.001840922,122.7702295,83.38232221,110.6218484,71.26023685
3.65,50.36504647,0,0,0,0,0.085918714,2336.502582,-0.090026993,-0.801222321,0.001883655,121.978753,83.74289218,110.246902,72.03908516
3.675,50.44149965,0,0,0,0,0.086902207,2340.304462,-0.086705791,-0.767898242,0.001926415,121.2319674,84.03371472,109.8875246,72.73570367
3.7,50.51899121,0,0,0,0,0.088290485,2345.126011,-0.084093839,-0.738735711,0.001967627,120.5206453,84.27151416,109.5403185,73.3696352
3.725,50.59782693,0,0,0,0,0.089970697,2350.598117,-0.082083594,-0.714208713,0.002001475,119.841149,84.47175593,109.2049756,73.95520475
3.75,50.67822122,0,0,0,0,0.091846503,2356.432722,-0.080521165,-0.694545366,0.002035285,119.1943462,84.64719593,108.8823661,74.50102302
3.775,50.76031893,0,0,0,0,0.093860638,2362.52814,-0.079305476,-0.67973649,0.002071138,118.5833008,84.80714433,108.5731599,75.01128069
3.8,50.84423266,0,0,0,0,0.095983458,2368.770543,-0.078393656,-0.669572311,0.002106203,118.0108451,84.95754999,108.2771992,75.48789361
3.825,50.93004266,0,0,0,0,0.098174169,2375.043222,-0.07777163,-0.663687276,0.002140414,117.4779992,85.10173367,107.9934239,75.93228869
3.85,51.01779562,0,0,0,0,0.100398344,2381.276806,-0.07742721,-0.661605142,0.002173727,116.9835931,85.24138084,107.7200992,76.34628386
3.875,51.10751086,0,0,0,0,0.102628728,2387.436251,-0.077333861,-0.662780501,0.002206116,116.5248587,85.37739294,107.4551714,76.73214107
3.9,51.19918655,0,0,0,0,0.104846628,2393.53113,-0.077422599,-0.66663756,0.002235372,116.0984348,85.51037891,107.1966405,77.09221335
3.925,51.2928154,0,0,0,0,0.107061855,2399.66886,-0.07765267,-0.672611312,0.002260124,115.7012082,85.64082605,106.9429295,77.42861979
3.95,51.38839903,0,0,0,0,0.10927579,2405.840607,-0.078016886,-0.680175047,0.002283667,115.3307269,85.76911916,106.6930994,77.74314675
3.975,51.48593232,0,0,0,0,0.111477245,2412.022814,-0.078513791,-0.688849736,0.002306781,114.9852209,85.89555037,106.4468246,78.03732013
4,51.58540019,0,0,0,0,0.113655973,2418.195899,-0.0791373,-0.698205816,0.002329482,114.6633975,86.02037597,106.2041796,78.31251931
4.025,51.68676401,0,0,0,0,0.115716763,2424.344739,-0.0798666,-0.707861011,0.002351766,114.3641838,86.14386164,105.965373,78.57004039
4.05,51.78992555,0,0,0,0,0.117792268,2430.52955,-0.080661029,-0.717469561,0.002375383,114.0865113,86.26622899,105.7305322,78.81109706
4.075,51.89491799,0,0,0,0,0.119830596,2436.419393,-0.081536426,-0.726748192,0.002398794,113.8291782,86.38761282,105.4996879,79.03686058
4.1,52.00163699,0,0,0,0,0.12169204,2441.760512,-0.082472582,-0.735455262,0.002421789,113.5908788,86.50797724,105.2728629,79.24836878
4.125,52.10991822,0,0,0,0,0.123370315,2446.700908,-0.08343984,-0.743379237,0.002441822,113.3702734,86.62705298,105.050081,79.44647582
4.15,52.21961037,0,0,0,0,0.124890973,2451.370792,-0.084421191,-0.750336896,0.002460631,113.1661194,86.74430764,104.8314768,79.6317842
4.175,52.33058808,0,0,0,0,0.126285935,2455.878991,-0.085399172,-0.756167758,0.00247941,112.977336,86.85900657,104.6173549,79.80471064
4.2,52.44275654,0,0,0,0,0.127593814,2460.345163,-0.086348024,-0.760730164,0.002498675,112.802959,86.97037874,104.4081426,79.96567558
4.225,52.55605537,0,0,0,0,0.128849467,2464.825109,-0.087241553,-0.763901662,0.002517583,112.6420257,87.07777983,104.204296,80.11528892
4.25,52.67044835,0,0,0,0,0.130074425,2469.34028,-0.088057936,-0.765580738,0.002536146,112.4934595,87.18076124,104.0062211,80.25443842
4.275,52.78591513,0,0,0,0,0.131283578,2473.89783,-0.088779589,-0.765687859,0.002554362,112.3560083,87.27903821,103.8142365,80.38425935
4.3,52.90244624,0,0,0,0,0.132486945,2478.495875,-0.0893873,-0.764165154,0.002572229,112.2282619,87.37239911,103.6285758,80.50601893
4.325,53.02003938,0,0,0,0,0.13369206,2483.146243,-0.089864532,-0.760975904,0.002590716,112.1087199,87.46061559,103.4494217,80.620985
4.35,53.13870129,0,0,0,0,0.134911176,2487.869328,-0.090201503,-0.756103051,0.002608067,111.9958697,87.54340041,103.2769486,80.73033737
4.375,53.25844389,0,0,0,0,0.136048566,2492.645582,-0.090542495,-0.749545818,0.002622484,111.8883642,87.62042073,103.1114653,80.83513874
4.4,53.37845762,0,0,0,0,0.13507231,2497.340206,-0.09259829,-0.742406601,0.002636302,111.8595308,87.69874235,103.1284252,80.93378841
4.425,53.49717417,0,0,0,0,0.133901489,2501.755206,-0.091282945,-0.732710228,0.002650851,111.9547261,87.80416344,103.466826,81.01682631
4.45,53.61585525,0,0,0,0,0.134983487,2506.205359,-0.08799222,-0.720240002,0.002666617,112.0433712,87.96047907,103.8493247,81.07290539
4.475,53.73593635,0,0,0,0,0.137067006,2510.971007,-0.08494887,-0.705707589,0.002683332,112.0205908,88.17594707,104.0774962,81.09162979
4.5,53.85825412,0,0,0,0,0.139920821,2516.146909,-0.083294079,-0.690064496,0.002700112,111.8376208,88.42483238,104.0972562,81.07098628
4.525,53.98316782,0,0,0,0,0.142882864,2521.659608,-0.08287771,-0.674073205,0.002716574,111.5050597,88.66355124,103.9475575,81.01632672
4.55,54.11048258,0,0,0,0,0.144526022,2527.330048,-0.083124087,-0.658100199,0.002732512,111.0767847,88.85960884,103.7145116,80.93705776
4.575,54.23749252,0,0,0,0,0.143646073,2532.959839,-0.08387298,-0.642176666,0.002748057,110.6270107,89.09213072,103.4828241,81.04649939
4.6,54.36485431,0,0,0,0,0.145040947,2538.326901,-0.081277682,-0.626163451,0.002761606,110.2315899,89.3834001,103.2983359,81.46491447
4.625,54.49397238,0,0,0,0,0.147426048,2543.319679,-0.076948256,-0.609436527,0.002773316,109.9349443,89.58159521,103.1680846,81.83366491
4.65,54.62522982,0,0,0,0,0.149779065,2548.03362,-0.073214923,-0.591322288,0.002785055,109.7437016,89.61505658,103.0708485,81.98298238
4.675,54.75834996,0,0,0,0,0.151628454,2552.645379,-0.071023633,-0.571431219,0.002796974,109.6205489,89.50876057,102.9789514,81.94721702
4.7,54.8928717,0,0,0,0,0.153008664,2557.31566,-0.070013272,-0.549705712,0.002809042,109.5085952,89.34008406,102.8709306,81.83998888
4.725,55.02850266,0,0,0,0,0.15421211,2562.151167,-0.069293377,-0.526313584,0.002821654,109.3624498,89.18021847,102.7364999,81.76478172
4.75,55.16521189,0,0,0,0,0.155497712,2567.176629,-0.068142003,-0.501499947,0.002834231,109.1651828,89.06157181,102.5772119,81.76364177
4.775,55.30312439,0,0,0,0,0.156952289,2572.327573,-0.066298933,-0.475474217,0.002846614,108.9271711,88.97944577,102.4036547,81.82358858
4.8,55.4423727,0,0,0,0,0.158519188,2577.522667,-0.063894798,-0.448359611,0.002858765,108.6725867,88.911094,102.2302629,81.90867255
4.825,55.58300805,0,0,0,0,0.160088188,2582.697536,-0.061207233,-0.420201477,0.002870699,108.4238734,88.83487891,102.0698018,81.98769214
4.85,55.72499352,0,0,0,0,0.161581472,2587.833271,-0.058444388,-0.391007084,0.002882853,108.1923881,88.74044291,101.9295696,82.0481321
4.875,55.86825548,0,0,0,0,0.162994448,2592.956283,-0.055663138,-0.360783946,0.002893004,107.977317,88.62906728,101.8104196,82.09490456
4.9,56.01273947,0,0,0,0,0.164367839,2598.075715,-0.052807457,-0.329559094,0.002902538,107.7702582,88.50806691,101.7083515,82.14066858
4.925,56.15843365,0,0,0,0,0.165752014,2603.203539,-0.04979193,-0.297379475,0.002911935,107.5612904,88.38437277,101.6174247,82.19613375
4.95,56.30536385,0,0,0,0,0.167178383,2608.347018,-0.046564674,-0.264302162,0.002921184,107.3433436,88.26088913,101.5325237,82.26533922
4.975,56.45357057,0,0,0,0,0.168649052,2613.513731,-0.04312419,-0.230383419,0.002930474,107.1137156,88.13638077,101.4509654,82.34627812
5,56.60306466,0,0,0,0,0.170066859,2618.725085,-0.039497896,-0.195672739,0.002939759,106.8732572,88.00754622,101.3726745,82.43432079
5.025,56.7538177,0,0,0,0,0.171532611,2623.880317,-0.035729419,-0.160221716,0.002948867,106.6245114,87.87135657,101.2993234,82.52554332
5.05,56.90583244,0,0,0,0,0.172908362,2628.690381,-0.031850532,-0.124066684,0.0029576,106.3699938,87.7264204,101.2330844,82.61834792
5.075,57.05899898,0,0,0,0,0.174146284,2633.229729,-0.027863666,-0.087231762,0.002966011,106.1112963,87.57298988,101.1756386,82.71321524
5.1,57.21320203,0,0,0,0,0.175264177,2637.594934,-0.02375213,-0.049737005,0.002974329,105.8489745,87.4121547,101.1277277,82.81148803
5.125,57.36834981,0,0,0,0,0.176294479,2641.873442,-0.019486417,-0.011603726,0.002982595,105.5828917,87.24486815,101.08926,82.9141963
5.15,57.5243798,0,0,0,0,0.177269101,2646.127929,-0.015063038,0.027138391,0.002990727,105.3125988,87.07140451,101.0597152,83.02155152
5.175,57.68125461,0,0,0,0,0.17821271,2650.402049,-0.010497173,0.066450499,0.002998755,105.0375992,86.89136958,101.0385357,83.13308804
5.2,57.83895504,0,0,0,0,0.179141908,2654.723515,-0.005804086,0.106289008,0.003007102,104.7574912,86.7040677,101.0253283,83.2480958
5.225,57.99747347,0,0,0,0,0.180066849,2659.108614,-0.000993408,0.146610222,0.003015557,104.4720172,86.5089221,101.0198746,83.36599731
5.25,58.1568097,0,0,0,0,0.18099477,2663.568772,0.003930259,0.187373587,0.003024071,104.1810544,86.30572018,101.0220322,83.48650924
5.275,58.31696886,0,0,0,0,0.181930313,2668.103325,0.008964532,0.228543616,0.003032522,103.8845721,86.09462401,101.0315704,83.60960482
5.3,58.47795919,0,0,0,0,0.182876335,2672.707417,0.014085287,0.269122633,0.003040904,103.5825729,85.87602785,101.0481811,83.73537191
5.325,58.63979391,0,0,0,0,0.183842204,2677.374753,0.018951134,0.303554643,0.003049208,103.2749569,85.65058398,101.0716143,83.86367834
5.35,58.80249274,0,0,0,0,0.184831794,2682.099363,0.023316285,0.331093642,0.003057547,102.9619568,85.41949289,101.1012359,83.99369993
5.375,58.96607652,0,0,0,0,0.185845741,2686.87818,0.027179592,0.352007886,0.003065878,102.6448661,85.18480582,101.1353545,84.12358915
5.4,59.13056592,0,0,0,0,0.186883366,2691.703767,0.030580819,0.366756314,0.003074107,102.3261569,84.94939303,101.1711458,84.2505714
5.425,59.29598015,0,0,0,0,0.187942577,2696.569456,0.033538291,0.375943901,0.003082224,102.0089731,84.71641121,101.2051797,84.37155156
5.45,59.4623362,0,0,0,0,0.189020754,2701.470132,0.036050107,0.380271151,0.00309022,101.6963905,84.48861396,101.2341685,84.48384448
5.475,59.6296487,0,0,0,0,0.190114867,2706.403353,0.038116595,0.380488992,0.003098186,101.3908719,84.26792827,101.255521,84.58560576
5.5,59.79792971,0,0,0,0,0.19122187,2711.369636,0.039781132,0.377360345,0.003106063,101.0941045,84.0554149,101.2675131,84.67585794
5.525,59.96718962,0,0,0,0,0.192340291,2716.367264,0.041078322,0.37162323,0.003113806,100.8070826,83.8514954,101.2691978,84.75424721
5.55,60.13743776,0,0,0,0,0.193468579,2721.395195,0.042034606,0.363966786,0.003121409,100.5303065,83.65624974,101.2601293,84.82073481
5.575,60.30868237,0,0,0,0,0.19460521,2726.45298,0.042683981,0.355019994,0.003128866,100.2640054,83.46964832,101.2400689,84.87536332
5.6,60.4809306,0,0,0,0,0.195748927,2731.541205,0.043063637,0.345345279,0.003136213,100.0082786,83.29167118,101.2089075,84.91814418
5.625,60.6541889,0,0,0,0,0.196899122,2736.66095,0.043210353,0.335435452,0.003143362,99.76313172,83.12231231,101.166587,84.94906117
5.65,60.82846335,0,0,0,0,0.198055332,2741.812501,0.043159641,0.325713541,0.003150103,99.52844204,82.96151266,101.1130996,84.96814095
5.675,61.00375969,0,0,0,0,0.199217223,2746.996296,0.042946606,0.31653524,0.003156697,99.30390624,82.80908309,101.0485426,84.97552884
5.7,61.18008333,0,0,0,0,0.200384547,2752.212833,0.042606912,0.308193482,0.003163135,99.08901406,82.66466033,100.9731708,84.97154602
5.725,61.35743946,0,0,0,0,0.201557058,2757.461152,0.042176723,0.300924483,0.003169363,98.88305661,82.52771175,100.8874225,84.95679978
5.75,61.53583274,0,0,0,0,0.202734113,2762.741065,0.041691895,0.294914644,0.003175431,98.68516171,82.39757392,100.791911,84.93203316
5.775,61.71526724,0,0,0,0,0.203915185,2768.053342,0.041186849,0.290307802,0.003181336,98.49433608,82.27350175,100.6873957,84.89802761
5.8,61.89574647,0,0,0,0,0.205099807,2773.398589,0.040693731,0.287212457,0.003187074,98.30950607,82.15470818,100.5747447,84.85562482
5.825,62.0772735,0,0,0,0,0.206287573,2778.776614,0.040242037,0.285708658,0.003192572,98.12955116,82.04038671,100.4548967,84.80571527
5.85,62.25985071,0,0,0,0,0.207477187,2784.18241,0.03985913,0.285854181,0.00319778,97.95333116,81.92971643,100.3288298,84.7492068
5.875,62.44347893,0,0,0,0,0.208667124,2789.615973,0.039576016,0.287689375,0.003202801,97.77970949,81.8218546,100.1975348,84.68699645
5.9,62.62815819,0,0,0,0,0.209856965,2795.078625,0.039419925,0.291239371,0.003207631,97.60755917,81.7159267,100.0620068,84.61995771
5.925,62.81388821,0,0,0,0,0.211046442,2800.571485,0.039412347,0.296515484,0.00321277,97.43575734,81.6110236,99.9232489,84.54894049
5.95,63.00066838,0,0,0,0,0.212234954,2806.091885,0.039572872,0.30351695,0.003221813,97.26318713,81.50621121,99.78226799,84.47477493
5.975,63.18849667,0,0,0,0,0.21341987,2811.632753,0.039919437,0.312232226,0.003230502,97.08874824,81.40055071,99.64006434,84.39826872
6,63.37736898,0,0,0,0,0.214599738,2817.196384,0.040467643,0.322639877,0.003238886,96.91137254,81.2931198,99.4976179,84.32019759
6.025,63.56735265,0,0,0,0,0.216239687,2822.782127,0.041355045,0.33486045,0.003246943,96.732387,81.18313272,99.36127729,84.24129551
6.05,63.75863043,0,0,0,0,0.217047587,2828.26655,0.042792125,0.348978513,0.003254299,96.58018402,81.07412085,99.3139807,84.16121702
6.075,63.95043376,0,0,0,0,0.217642513,2833.623077,0.044519174,0.364638664,0.003261002,96.43941652,80.97224795,99.32826225,84.07808328
6.1,64.1428509,0,0,0,0,0.218448543,2839.037079,0.046324605,0.381786703,0.003267617,96.27653724,80.8824748,99.32861603,83.98916376
6.125,64.33608297,0,0,0,0,0.219487629,2844.648262,0.048061035,0.400352098,0.003273893,96.07337666,80.80273192,99.2777208,83.8920664
6.15,64.53032173,0,0,0,0,0.220718554,2850.490074,0.049765261,0.420252801,0.003279677,95.82967012,80.72263806,99.17369902,83.786647
6.175,64.72553247,0,0,0,0,0.221587816,2856.221246,0.05185458,0.441407762,0.003257328,95.5583347,80.63475649,99.03757076,83.68789062
6.2,64.92155482,0,0,0,0,0.222637693,2860.915472,0.05447835,0.463852933,0.003216035,95.2818429,80.55948217,98.89578672,83.69009782
6.225,65.10779657,0,0,0,0,0.183555481,2625.572562,0.057584379,0.487413655,0.000419325,95.02604611,80.4551072,98.77378008,83.71986971
6.25,65.2347241,0,0,0,0,0.105275995,2428.320286,0.060045701,0.510994368,0.00034962,94.83740925,80.23638838,98.71319708,83.64890936
6.275,65.29700417,0.026323766,0.010529506,0.026323766,0.010529506,0.037780718,2298.835038,0.062241003,0.533618715,0.000259884,94.76851895,79.82231644,98.76570322,83.38148252
6.3,65.30528356,0.035650557,0.014260223,0.035650557,0.014260223,-0.016276617,2227.259672,0.064781939,0.554848835,0.000252726,94.87366717,79.15331146,98.98861545,82.85761001
6.325,65.2745331,0.042607863,0.017043145,0.042607863,0.017043145,-0.048793594,2196.669103,0.067975842,0.57431707,0.000249667,95.17598415,78.23462452,99.41858155,82.09007095
6.35,65.22540177,0.048478253,0.019391301,0.048478253,0.019391301,-0.062875561,2186.841974,0.071396836,0.591895092,0.000248684,95.654804,77.14395225,100.051775,81.16438429
6.375,65.16429607,0.053563504,0.021425401,0.053563504,0.021425401,-0.074453034,2194.546579,0.074842302,0.607443085,0.000249455,96.24435003,75.99490264,100.8299407,80.19846978
6.4,65.09572636,0.084215947,0.033686379,0.084215947,0.033686379,-0.080014558,2210.887587,0.0783418,0.621222146,0.000251089,96.84937858,74.89109771,101.6520275,79.29784988
6.425,65.02451913,0.089536316,0.035814526,0.089536316,0.035814526,-0.080476853,2230.186553,0.081916105,0.633864042,0.000253019,97.3941151,73.88791866,102.4324763,78.51757645
6.45,64.95457342,0.095026444,0.038010578,0.095026444,0.038010578,-0.077403818,2248.579617,0.085552523,0.646131203,0.000254858,97.8468578,72.99131705,103.1332431,77.8605922
6.475,64.8882415,0.100835064,0.040334025,0.100835064,0.040334025,-0.072483646,2263.801078,0.089242936,0.658714178,0.00025638,98.20779599,72.18051416,103.7514091,77.30053407
6.5,64.82652659,0.128813787,0.051525515,0.128813787,0.051525515,-0.067195268,2274.882999,0.092999902,0.672133704,0.000257488,98.49071629,71.43197626,104.2986488,76.80747554
6.525,64.76908597,0.135966799,0.054386719,0.135966799,0.054386719,-0.062695119,2281.778203,0.096830842,0.686714651,0.000258178,98.71291546,70.73191172,104.7902011,76.36281364
6.55,64.71534868,0.143467288,0.057386915,0.143467288,0.057386915,-0.058811961,2285.013269,0.100707256,0.702646373,0.000258501,98.89011937,70.07700251,105.2405426,75.9615001
6.575,64.66465354,0.151274637,0.060509855,0.151274637,0.060509855,-0.055769625,2285.394503,0.104583519,0.720021489,0.000258539,99.0343148,69.46842196,105.6619175,75.60595059
6.6,64.61624648,0.159342056,0.063736822,0.159342056,0.063736822,-0.053568888,2283.777174,0.10845397,0.738858455,0.000258378,99.15342184,68.90617251,106.0638532,75.29887983
6.625,64.56928526,0.185922169,0.074368868,0.185922169,0.074368868,-0.052518139,2280.926536,0.112303509,0.759118804,0.000258093,99.25225967,68.38641616,106.4531123,75.03901367
6.65,64.52292762,0.194820519,0.077928208,0.194820519,0.077928208,-0.052010971,2277.44598,0.116135108,0.780710614,0.000257745,99.33395142,67.90179042,106.8340701,74.82038183
6.675,64.47688436,0.203856443,0.081542577,0.203856443,0.081542577,-0.051750552,2273.783457,0.119966804,0.803514374,0.000257378,99.40085357,67.44400172,107.2091593,74.63465373
6.7,64.43098216,0.213015585,0.085206234,0.213015585,0.085206234,-0.05163835,2270.235822,0.123822348,0.827374868,0.000257024,99.45483239,67.006197,107.5793313,74.47385099
6.725,64.38511393,0.236922283,0.094768913,0.236922283,0.094768913,-0.051712225,2266.971425,0.127694086,0.852116361,0.000256697,99.497146,66.5843307,107.9445175,74.33243085
6.75,64.33898277,0.246642068,0.098656827,0.246642068,0.098656827,-0.052074471,2264.052194,0.131592951,0.8768443,0.000256405,99.5285526,66.17662768,108.3043341,74.20737316
6.775,64.29259611,0.256460299,0.10258412,0.256460299,0.10258412,-0.052250443,2261.473448,0.135200681,0.895838424,0.000256147,99.54939306,65.78264744,108.6586378,74.09727825
6.8,64.24611255,0.266384351,0.106553741,0.266384351,0.106553741,-0.052255316,2259.19764,0.138282598,0.908449692,0.00025592,99.56025377,65.40267554,109.0073972,74.00088417
6.825,64.19967007,0.276421414,0.110568566,0.276421414,0.110568566,-0.052115274,2257.168227,0.140877801,0.914929614,0.000255717,99.56270246,65.03775688,109.3498569,73.91624844
6.85,64.1532921,0.298294165,0.119317666,0.298294165,0.119317666,-0.052127713,2255.321747,0.143048972,0.915714793,0.000255532,99.55936156,64.68964532,109.684211,73.84057482
6.875,64.10688383,0.308803297,0.123521319,0.308803297,0.123521319,-0.052053769,2253.592315,0.144867149,0.911382743,0.000255359,99.55350807,64.36009694,110.0080638,73.77052204
6.9,64.06058923,0.31942997,0.127771988,0.31942997,0.127771988,-0.051827101,2251.931519,0.14633229,0.902608633,0.000255193,99.54825454,64.05031846,110.3191664,73.70309217
6.925,64.01451911,0.330179913,0.132071965,0.330179913,0.132071965,-0.05150033,2250.305604,0.147447382,0.890106245,0.000255031,99.54589934,63.76069302,110.615927,73.63611052
6.95,63.96873948,0.350122175,0.14004887,0.350122175,0.14004887,-0.051170813,2248.692725,0.148212612,0.874608566,0.000254869,99.54772584,63.4910652,110.8974519,73.56841281
6.975,63.9231324,0.361285489,0.144514195,0.361285489,0.144514195,-0.05100785,2247.076041,0.148642463,0.856846897,0.000254708,99.55435246,63.2409029,111.1634099,73.49946697
7,63.87769857,0.372569123,0.149027649,0.372569123,0.149027649,-0.050745443,2245.446057,0.148759999,0.837543628,0.000254545,99.56615984,63.00949853,111.4138422,73.4288957
7.025,63.83251192,0.383976553,0.153590621,0.383976553,0.153590621,-0.050423066,2243.803726,0.148594669,0.817392716,0.00025438,99.5835804,62.79610172,111.6489699,73.35614083
7.05,63.78761559,0.395509987,0.158203995,0.395509987,0.158203995,-0.050069407,2242.153877,0.148177664,0.797040767,0.000254215,99.60710256,62.60010741,111.869002,73.28052954
7.075,63.74299049,0.414323478,0.165729391,0.414323478,0.165729391,-0.049847732,2240.502028,0.147538838,0.777074867,0.00025405,99.63716811,62.42107965,112.0740951,73.20147087
7.1,63.69852163,0.426205727,0.170482291,0.426205727,0.170482291,-0.049651969,2238.849245,0.146705268,0.758013159,0.000253885,99.67412208,62.25848885,112.2644902,73.11844922
7.125,63.65425353,0.438207915,0.175283166,0.438207915,0.175283166,-0.049403257,2237.200057,0.145707836,0.740308266,0.00025372,99.71816489,62.11163531,112.4406205,73.03114109
7.15,63.61022505,0.45033197,0.180132788,0.45033197,0.180132788,-0.049125915,2235.559934,0.144585549,0.724339028,0.000253556,99.76928681,61.97962343,112.6031219,72.93940412
7.175,63.56645638,0.468241665,0.187296666,0.468241665,0.187296666,-0.048852063,2233.933351,0.143379955,0.710410282,0.000253393,99.82719582,61.86152869,112.7527513,72.84338882
7.2,63.52286753,0.480672778,0.192269111,0.480672778,0.192269111,-0.048724914,2232.321111,0.14213166,0.698752547,0.000253232,99.8913652,61.75636989,112.8903739,72.74343979
7.225,63.47942644,0.493219781,0.197287912,0.493219781,0.197287912,-0.048548389,2230.72169,0.140877223,0.689530465,0.000253072,99.96114029,61.66304897,113.0169961,72.63998225
7.25,63.43617187,0.505884623,0.202353849,0.505884623,0.202353849,-0.048340165,2229.136277,0.139653731,0.682848793,0.000252914,100.0358101,61.58035175,113.133765,72.53346573
7.275,63.39312503,0.518668553,0.207467421,0.518668553,0.207467421,-0.048116332,2227.565946,0.138497718,0.678755751,0.000252757,100.114584,61.50704505,113.2418966,72.42439974
7.3,63.35027989,0.536051251,0.2144205,0.536051251,0.2144205,-0.047956991,2226.011082,0.137443444,0.677250415,0.000252601,100.196571,61.44196717,113.3426167,72.31342724
7.325,63.30755231,0.54910218,0.219640872,0.54910218,0.219640872,-0.047844677,2224.468758,0.136514236,0.678288404,0.000252447,100.2808284,61.38393282,113.4371873,72.20122326
7.35,63.26495595,0.562266851,0.22490674,0.562266851,0.22490674,-0.047698649,2222.937621,0.135719623,0.681795757,0.000252294,100.3664209,61.33174179,113.5269206,72.08849807
7.375,63.22251183,0.575546395,0.230218558,0.575546395,0.230218558,-0.047535631,2221.41787,0.135101893,0.687674016,0.000252142,100.4524543,61.28417957,113.6131469,71.97589943
7.4,63.18022856,0.588941426,0.235576571,0.588941426,0.235576571,-0.047366675,2219.909814,0.134690251,0.695808625,0.000251991,100.5380368,61.24011636,113.6971478,71.86409389
7.425,63.13806995,0.605931705,0.242372682,0.605931705,0.242372682,-0.047291663,2218.412813,0.134509092,0.706072232,0.000251841,100.6222599,61.19848655,113.7801554,71.75382255
7.45,63.09598674,0.619561075,0.24782443,0.619561075,0.24782443,-0.047206043,2216.924394,0.134576066,0.718328539,0.000251692,100.7042177,61.15818715,113.8634127,71.64583846
7.475,63.05399696,0.633300692,0.253320277,0.633300692,0.253320277,-0.047103186,2215.444327,0.134904716,0.732438374,0.000251544,100.7830275,61.11807354,113.9481973,71.54089594
7.5,63.01210877,0.647150991,0.258860396,0.647150991,0.258860396,-0.046994424,2213.972878,0.135505289,0.748259406,0.000251397,100.8578252,61.07700788,114.035783,71.4397288
7.525,62.97051837,0.663823623,0.265529449,0.663823623,0.265529449,-0.046661495,2212.506939,0.135552816,0.766445484,0.000251251,100.9200883,61.03354128,114.1051269,71.34322614
7.55,62.92882839,0.677954936,0.271181974,0.677954936,0.271181974,-0.046965347,2211.013085,0.135843289,0.786733274,0.000251101,100.94183,60.97962939,114.0491966,71.25471566
7.575,62.88698584,0.692192684,0.276877074,0.692192684,0.276877074,-0.047010039,2209.486096,0.136981321,0.808557054,0.000250949,100.9622772,60.90440548,113.9447245,71.17984688
7.6,62.84520038,0.706523925,0.28260957,0.706523925,0.28260957,-0.046846849,2207.959504,0.138997159,0.831635918,0.000250796,101.0320206,60.79785459,113.897353,71.12656781
7.625,62.80360961,0.72093871,0.288375484,0.72093871,0.288375484,-0.046579005,2206.477458,0.141786173,0.855566191,0.000250648,101.1807824,60.6597705,113.9649407,71.1026556
7.65,62.76224037,0.737417659,0.294967063,0.737417659,0.294967063,-0.046362718,2205.075038,0.145089597,0.879964545,0.000250508,101.4118625,60.50091151,114.1587691,71.1129997
7.675,62.72106469,0.751923606,0.300769442,0.751923606,0.300769442,-0.046343654,2203.766858,0.147661261,0.904537911,0.000250377,101.7070842,60.32606609,114.458439,71.12724121
7.7,62.6795878,0.766496938,0.306598775,0.766496938,0.306598775,-0.046711666,2202.561666,0.15044983,0.928795589,0.000250256,102.0317592,60.12169994,114.8300234,71.03378561
7.725,62.63791552,0.781140996,0.312456399,0.781140996,0.312456399,-0.046757231,2201.459357,0.154029686,0.952581929,0.000250146,102.3521863,59.95084127,115.2415703,70.94087038
7.75,62.59626978,0.797404217,0.318961687,0.797404217,0.318961687,-0.046642271,2200.425364,0.158132482,0.976327128,0.000250043,102.6453682,59.86335349,115.67554,70.94837881
7.775,62.55468454,0.812116889,0.324846756,0.812116889,0.324846756,-0.046600022,2199.405392,0.162478312,1.000648525,0.000249941,102.9076962,59.85886971,116.1303865,71.07381528
7.8,62.51306866,0.826904644,0.330761858,0.826904644,0.330761858,-0.046682083,2198.351394,0.166879835,1.025987637,0.000249835,103.1524944,59.90335956,116.6144793,71.28361021
7.825,62.47129727,0.841759301,0.336703721,0.841759301,0.336703721,-0.046914728,2197.238048,0.171335666,1.052468067,0.000249724,103.399509,59.9587241,117.1381502,71.53180562
7.85,62.42925118,0.856672236,0.342668894,0.856672236,0.342668894,-0.047261568,2196.06321,0.17588709,1.079940911,0.000249606,103.6646847,60.00255487,117.7074705,71.78556096
7.875,62.38684788,0.872761094,0.349104438,0.872761094,0.349104438,-0.047690932,2194.838518,0.180545112,1.108136689,0.000249484,103.9545815,60.03148864,118.3217,72.03463209
7.9,62.34401804,0.887645648,0.355058259,0.887645648,0.355058259,-0.048178483,2193.577257,0.185296041,1.136818088,0.000249358,104.2664567,60.05398727,118.9746653,72.28596966
7.925,62.30072895,0.902569625,0.36102785,0.902569625,0.36102785,-0.048697462,2192.287814,0.190108112,1.165862489,0.000249229,104.5922546,60.08040957,119.6583084,72.55233513
7.95,62.25694253,0.917530829,0.367012332,0.917530829,0.367012332,-0.049271394,2190.971919,0.194959523,1.19525353,0.000249097,104.9235954,60.11637684,120.3659781,72.84299852
7.975,62.21260026,0.932526027,0.373010411,0.932526027,0.373010411,-0.049921452,2189.626386,0.199887179,1.22502367,0.000248963,105.2552081,60.16146765,121.0939093,73.15991075
8,62.16762327,0.948345211,0.379338084,0.948345211,0.379338084,-0.050676822,2188.246468,0.204913148,1.255202613,0.000248825,105.5857709,60.21171495,121.8409124,73.49903124
8.025,62.12192239,0.963240939,0.385296376,0.963240939,0.385296376,-0.051514532,2186.828125,0.210045981,1.28578704,0.000248683,105.9167544,60.26267896,122.6071669,73.85406381
8.05,62.07543511,0.978150134,0.391260053,0.978150134,0.391260053,-0.052418883,2185.369854,0.215282735,1.316739964,0.000248537,106.2505153,60.31158879,123.3930703,74.21994258
8.075,62.02810437,0.993067893,0.397227157,0.993067893,0.397227157,-0.053385947,2183.871701,0.220610658,1.348006391,0.000248387,106.5887681,60.35781076,124.1985531,74.59439885
8.1,61.97987566,1.008688921,0.403475568,1.008688921,0.403475568,-0.054414333,2182.333881,0.225979997,1.379535342,0.000248233,106.931946,60.40210955,125.0229082,74.97759681
8.125,61.93068533,1.023440717,0.409376287,1.023440717,0.409376287,-0.055525398,2180.755548,0.231376321,1.411302781,0.000248076,107.2794381,60.44559425,125.8649619,75.37070788
8.15,61.88047092,1.038181293,0.415272517,1.038181293,0.415272517,-0.056696309,2179.134646,0.236836289,1.443315129,0.000247913,107.6301515,60.48893307,126.7232181,75.77462048
8.175,61.8291772,1.052906316,0.421162526,1.052906316,0.421162526,-0.057934042,2177.468822,0.242348217,1.475590104,0.000247747,107.9830948,60.53216226,127.5961355,76.18929911
8.2,61.77674317,1.067604515,0.427041806,1.067604515,0.427041806,-0.059243936,2175.75312,0.2479041,1.508146476,0.000247575,108.3376401,60.57486807,128.4823567,76.61389424
8.225,61.72310357,1.08277952,0.433111808,1.08277952,0.433111808,-0.060634383,2173.979621,0.25349855,1.540998275,0.000247398,108.6935219,60.61653358,129.3807407,77.0472149
8.25,61.66818289,1.09723435,0.43889374,1.09723435,0.43889374,-0.062108156,2172.147081,0.259126628,1.574152043,0.000247215,109.0507104,60.65680331,130.2903127,77.48815377
8.275,61.61191853,1.111647808,0.444659123,1.111647808,0.444659123,-0.063648752,2170.254988,0.264782292,1.607609831,0.000247025,109.4092636,60.695574,131.2102041,77.93591368
8.3,61.5542522,1.126014979,0.450405992,1.126014979,0.450405992,-0.065258856,2168.303087,0.270453274,1.640858355,0.00024683,109.7692194,60.73293275,132.1396028,78.39000339
8.325,61.4951279,1.140331147,0.456132459,1.140331147,0.456132459,-0.066923748,2166.291145,0.275812635,1.66939154,0.000246629,110.1305089,60.7692168,133.0776841,78.84995204
8.35,61.43450124,1.154940621,0.461976248,1.154940621,0.461976248,-0.068643894,2164.219549,0.280688866,1.693396906,0.000246422,110.4934493,60.80529127,134.0229763,79.31481905
8.375,61.37232302,1.168948072,0.467579229,1.168948072,0.467579229,-0.070412523,2162.088458,0.285070343,1.712976744,0.000246209,110.8592613,60.84278148,134.972851,79.7829081
8.4,61.30855483,1.182886289,0.473154516,1.182886289,0.473154516,-0.072224982,2159.898091,0.28904464,1.728354746,0.00024599,111.2301027,60.88408505,135.9235411,80.25181724
8.425,61.24315649,1.19675121,0.478700484,1.19675121,0.478700484,-0.07408515,2157.648563,0.292634059,1.739851871,0.000245765,111.6085544,60.93186632,136.8708153,80.71857432
8.45,61.17608553,1.210538684,0.484215474,1.210538684,0.484215474,-0.075996192,2155.339685,0.295820148,1.747864638,0.000245534,111.9970095,60.98848228,137.8106979,81.18061106
8.475,61.10729453,1.224471971,0.489788789,1.224471971,0.489788789,-0.077969197,2152.970808,0.298585882,1.752838598,0.000245297,112.3972195,61.05562201,138.7399566,81.63612812
8.5,61.03673441,1.237898018,0.495159207,1.237898018,0.495159207,-0.079994229,2150.54073,0.300927714,1.75524606,0.000245054,112.8102152,61.13430848,139.656157,82.08400077
8.525,60.96436289,1.251228866,0.500491546,1.251228866,0.500491546,-0.082073807,2148.048131,0.302856088,1.755566907,0.000244805,113.2365085,61.22512246,140.5574595,82.5235231
8.55,60.89013348,1.264460448,0.505784179,1.264460448,0.505784179,-0.084213754,2145.491471,0.30440275,1.754269,0.000244549,113.6763731,61.32843922,141.4424042,82.95418095
8.575,60.81399582,1.277908139,0.511163255,1.277908139,0.511163255,-0.086418314,2142.869012,0.305594597,1.751788982,0.000244287,114.1300333,61.44456088,142.3098242,83.37555831
8.6,60.73589358,1.290749312,0.516299725,1.290749312,0.516299725,-0.088696257,2140.178892,0.306440336,1.748518118,0.000244018,114.5977299,61.57373497,143.1588458,83.78732937
8.625,60.65577376,1.303473336,0.521389334,1.303473336,0.521389334,-0.091034861,2137.419291,0.306951644,1.744798293,0.000243742,115.0797118,61.71612407,143.9888957,84.18929042
8.65,60.57358685,1.316075987,0.526430395,1.316075987,0.526430395,-0.093437765,2134.588684,0.307145164,1.740920965,0.000243459,115.5761904,61.87178833,144.7996663,84.58137707
8.675,60.48927994,1.328552884,0.531421154,1.328552884,0.531421154,-0.095908144,2131.685636,0.307041814,1.737127414,0.000243169,116.0872886,62.04068753,145.5910464,84.96365568
8.7,60.40279717,1.341106424,0.536442569,1.341106424,0.536442569,-0.098449775,2128.708724,0.306665485,1.733611255,0.000242871,116.613005,62.22268469,146.3630615,85.33630488
8.725,60.3140773,1.353155753,0.541262301,1.353155753,0.541262301,-0.101065424,2125.65643,0.30604187,1.730521573,0.000242566,117.153198,62.41753691,147.1158378,85.69958705
8.75,60.22306327,1.365061477,0.546024591,1.365061477,0.546024591,-0.103747734,2122.527254,0.30519758,1.727967846,0.000242253,117.7075831,62.62488925,147.8495858,86.05383255
8.775,60.12969807,1.37681909,0.550727636,1.37681909,0.550727636,-0.106499756,2119.31978,0.304159643,1.726023964,0.000241932,118.2757312,62.84427341,148.5645875,86.39943045
8.8,60.03392179,1.388423961,0.555369584,1.388423961,0.555369584,-0.109323567,2116.032535,0.302954796,1.724732603,0.000241603,118.8570674,63.07511562,149.2611844,86.73682745
8.825,59.93567236,1.399868991,0.559947596,1.399868991,0.559947596,-0.112220862,2112.663972,0.301608825,1.724110117,0.000241266,119.450879,63.31674468,149.9397686,87.06652416
8.85,59.8348866,1.411007865,0.564403146,1.411007865,0.564403146,-0.115189694,2109.212473,0.300149415,1.724151294,0.000240921,120.0563284,63.56839717,150.6007735,87.38906515
8.875,59.731503,1.421976458,0.568790583,1.421976458,0.568790583,-0.118229416,2105.67643,0.298603903,1.724833017,0.000240568,120.6724625,63.82922268,151.2446727,87.70503215
8.9,59.62545874,1.432770051,0.57310802,1.432770051,0.57310802,-0.121341273,2102.054216,0.296991049,1.726116861,0.000240205,121.2982173,64.09829318,151.8719674,88.01503285
8.925,59.51668976,1.443383868,0.577353547,1.443383868,0.577353547,-0.124525833,2098.344173,0.295327606,1.72795333,0.000239834,121.9324347,64.37461837,152.4831536,88.31968749
8.95,59.4051314,1.453747244,0.581498898,1.453747244,0.581498898,-0.127782713,2094.544616,0.293628691,1.73028606,0.000239454,122.5738862,64.65716618,153.0787023,88.61960708
8.975,59.29072041,1.463859331,0.585543732,1.463859331,0.585543732,-0.131108766,2090.653881,0.29190742,1.733055519,0.000239065,123.2213013,64.94488575,153.6590389,88.91537084
9,59.17339486,1.473774646,0.589509858,1.473774646,0.589509858,-0.134503803,2086.670365,0.290174614,1.736201863,0.000238667,123.8733883,65.23672729,154.2245249,89.20751033
9.025,59.05309255,1.4834885,0.5933954,1.4834885,0.5933954,-0.13796773,2082.592492,0.288438694,1.739666988,0.000238259,124.5288472,65.5316551,154.7754448,89.49650042
9.05,58.9297514,1.492996195,0.597198478,1.492996195,0.597198478,-0.141499865,2078.418698,0.286705786,1.74339626,0.000237842,125.1863792,65.82865439,155.3120035,89.78275498
9.075,58.80332408,1.502227404,0.600890961,1.502227404,0.600890961,-0.144978259,2074.147426,0.284927281,1.747497671,0.000237415,125.844649,66.12673525,155.8341442,90.06662284
9.1,58.67383754,1.511216515,0.604486606,1.511216515,0.604486606,-0.148613005,2069.774627,0.282983443,1.753105833,0.000236977,126.4986355,66.42438185,156.3250605,90.34864437
9.125,58.54119485,1.519989328,0.607995731,1.519989328,0.607995731,-0.152219658,2065.29333,0.28110018,1.75892918,0.000236529,127.1385597,66.71902625,156.7770912,90.62960816
9.15,58.40542483,1.528545646,0.611418259,1.528545646,0.611418259,-0.155790655,2060.697364,0.279148059,1.764998174,0.00023607,127.7495855,67.00835586,157.1973809,90.90946449
9.175,58.2665575,1.536886161,0.614754464,1.536886161,0.614754464,-0.159323632,2055.97827,0.277196088,1.771380873,0.000235598,128.3155552,67.29114036,157.5797919,91.18665785
9.2,58.12462519,1.54494515,0.61797806,1.54494515,0.61797806,-0.162816235,2051.126373,0.275321782,1.778170033,0.000235113,128.8256574,67.56803727,157.9138068,91.45768112
9.225,57.97966259,1.552747965,0.621099186,1.552747965,0.621099186,-0.166267154,2046.13297,0.273531071,1.785443493,0.000234613,129.2764022,67.84034758,158.1916975,91.71816938
9.25,57.83174844,1.560334157,0.624133663,1.560334157,0.624133663,-0.169622534,2040.992517,0.271556391,1.793213308,0.000234099,129.669867,68.10774956,158.4117201,91.95711598
9.275,57.68087457,1.567698182,0.627079273,1.567698182,0.627079273,-0.172987722,2035.705999,0.269696481,1.801325009,0.000233571,130.0103688,68.36514791,158.5783666,92.15518351
9.3,57.52709558,1.574838302,0.629935321,1.574838302,0.629935321,-0.176272063,2030.279729,0.267924048,1.809606868,0.000233028,130.3036949,68.60489898,158.6995892,92.32460143
9.325,57.37047226,1.581698204,0.632679282,1.581698204,0.632679282,-0.179490909,2024.722611,0.266265491,1.81788588,0.000232472,130.5554133,68.81593324,158.7838894,92.46731553
9.35,57.21105955,1.5882921,0.63531684,1.5882921,0.63531684,-0.182642325,2019.046483,0.264783467,1.825960624,0.000231905,130.7708558,68.98964707,158.837414,92.57725622
9.375,57.04891774,1.594654018,0.637861607,1.594654018,0.637861607,-0.185717462,2013.265055,0.263512314,1.833623277,0.000231327,130.9544731,69.12352568,158.862936,92.64937788
9.4,56.88411584,1.600782836,0.640313135,1.600782836,0.640313135,-0.188706205,2007.391541,0.262433026,1.840702844,0.000230739,131.1090179,69.22064787,158.8607641,92.68354833
9.425,56.71673063,1.606678463,0.642671385,1.606678463,0.642671385,-0.191601727,2001.436481,0.261491376,1.847099196,0.000230144,131.2354889,69.28674583,158.8306998,92.6841031
9.45,56.54684285,1.61230436,0.644921744,1.61230436,0.644921744,-0.194401957,1995.406772,0.260630451,1.852791087,0.000229541,131.3338644,69.32718401,158.7733931,92.65749673
9.475,56.37453412,1.61765841,0.647063364,1.61765841,0.647063364,-0.197107373,1989.306066,0.259814241,1.857819762,0.000228931,131.4041241,69.34535796,158.6905599,92.60967441
9.5,56.19988418,1.622779283,0.649111713,1.622779283,0.649111713,-0.199722451,1983.136028,0.259031178,1.862260668,0.000228314,131.4469964,69.34275573,158.5848576,92.54437878
9.525,56.02296897,1.627667075,0.65106683,1.627667075,0.65106683,-0.202251667,1976.897618,0.258281451,1.866198061,0.00022769,131.4641637,69.32014029,158.4593333,92.46347337
9.55,55.84386163,1.63232174,0.652928696,1.63232174,0.652928696,-0.204697942,1970.591942,0.257564373,1.86971036,0.000227059,131.4580024,69.27850757,158.3168256,92.36795784
9.575,55.66263395,1.636725857,0.654690343,1.636725857,0.654690343,-0.207062354,1964.220521,0.256872173,1.872866405,0.000226422,131.4313278,69.2194043,158.1595899,92.25884301
9.6,55.47935805,1.640853851,0.65634154,1.640853851,0.65634154,-0.209343909,1957.785131,0.256190751,1.875728749,0.000225779,131.3867279,69.14495918,157.9892163,92.13752847
9.625,55.29410703,1.644748087,0.657899235,1.644748087,0.657899235,-0.211542775,1951.287556,0.255504793,1.878357952,0.000225129,131.3261805,69.05754551,157.806756,92.00570622
9.65,55.10695347,1.648409017,0.659363607,1.648409017,0.659363607,-0.213660173,1944.729406,0.254801888,1.880813937,0.000224473,131.2512044,68.95938552,157.6129327,91.86504033
9.675,54.91796886,1.651837096,0.660734838,1.651837096,0.660734838,-0.215697773,1938.11211,0.254074427,1.88315433,0.000223811,131.163093,68.85232279,157.408339,91.71688367
9.7,54.72722322,1.655032733,0.662013093,1.655032733,0.662013093,-0.217657589,1931.437031,0.25331923,1.885431212,0.000223144,131.0630988,68.73780165,157.1935585,91.56217654
9.725,54.53478505,1.657950267,0.663180107,1.657950267,0.663180107,-0.219541047,1924.705606,0.252535842,1.887688234,0.000222471,130.9525098,68.61697677,156.9692104,91.40152346
9.75,54.34072195,1.660635041,0.664254016,1.660635041,0.664254016,-0.221349465,1917.919451,0.251724755,1.889959374,0.000221792,130.8326261,68.49084769,156.735939,91.23535584
9.775,54.14509998,1.663087532,0.665235013,1.663087532,0.665235013,-0.223084787,1911.080364,0.250886398,1.892269312,0.000221108,130.7046845,68.36034614,156.494382,91.06407844
9.8,53.94798371,1.665308081,0.666123232,1.665308081,0.666123232,-0.224748476,1904.190259,0.250020991,1.894635091,0.000220419,130.5697855,68.22635867,156.2451395,90.88814341
9.825,53.74943659,1.667297038,0.666918815,1.667297038,0.666918815,-0.226341654,1897.251092,0.249128922,1.897068179,0.000219725,130.4288553,68.08970623,155.9887563,90.70804908
9.85,53.54952113,1.669033295,0.667613318,1.669033295,0.667613318,-0.227865096,1890.264799,0.24821117,1.899576252,0.000219026,130.2826512,67.9511141,155.7257175,90.52429671
9.875,53.34829949,1.67052373,0.668209492,1.67052373,0.668209492,-0.229318941,1883.233271,0.247269449,1.902164448,0.000218323,130.1317935,67.8111968,155.4564566,90.33734565
9.9,53.14583323,1.67178299,0.668713196,1.67178299,0.668713196,-0.230704348,1876.158351,0.246306046,1.904836032,0.000217616,129.9768063,67.67046397,155.1813683,90.14759132
9.925,52.94218273,1.672811457,0.669124583,1.672811457,0.669124583,-0.232022589,1869.041836,0.245323472,1.907592712,0.000216904,129.8181507,67.52933996,154.9008242,89.95536984
9.95,52.73740722,1.673609506,0.669443802,1.673609506,0.669443802,-0.233274887,1861.88549,0.244324147,1.910434939,0.000216189,129.6562444,67.38818602,154.6151863,89.76097898
9.975,52.53156484,1.674174749,0.6696699,1.674174749,0.6696699,-0.234462405,1854.691054,0.24331021,1.913362222,0.000215469,129.49147,67.24731711,154.3248164,89.56470054
10,52.32471285,1.674480897,0.669792359,1.674480897,0.669792359,-0.235585689,1847.460254,0.242283497,1.916373505,0.000214746,129.3241759,67.10701178,154.0300802,89.36681479
10.025,52.11690807,1.674557085,0.669822834,1.674557085,0.669822834,-0.23664547,1840.194818,0.241245583,1.91946756,0.000214019,129.154676,66.96751722,153.7313458,89.16760473
10.05,51.90820636,1.674403707,0.669761483,1.674403707,0.669761483,-0.237642946,1832.896462,0.240195632,1.922643103,0.00021329,128.9832515,66.82904967,153.4289778,88.96735125
10.075,51.6986625,1.674021149,0.66960846,1.674021149,0.66960846,-0.238579235,1825.566887,0.23913744,1.925898426,0.000212557,128.8101551,66.6917984,153.1233308,88.76632414
10.1,51.48833038,1.67340261,0.669361044,1.67340261,0.669361044,-0.239455237,1818.206878,0.23807155,1.929175864,0.000211821,128.6356151,66.55594002,152.8147473,88.56477757
10.125,51.27726279,1.672516939,0.669006776,1.672516939,0.669006776,-0.240272944,1810.79909,0.236984258,1.932304833,0.00021108,128.4598431,66.421635,152.5035496,88.36294121
10.15,51.06550979,1.671382734,0.668553094,1.671382734,0.668553094,-0.241035413,1803.341615,0.235871779,1.935293802,0.000210334,128.2830582,66.28904222,152.1900236,88.16100914
10.175,50.85311972,1.670020076,0.66800803,1.670020076,0.66800803,-0.241743679,1795.841371,0.234733683,1.938104322,0.000209792,128.1054993,66.15833517,151.8744164,87.95912962
10.2,50.64014025,1.668429172,0.667371669,1.668429172,0.667371669,-0.242398154,1788.304936,0.233568613,1.940705509,0.000209415,127.927432,66.02970518,151.5569342,87.75740571
10.225,50.4266188,1.666610268,0.666644107,1.666610268,0.666644107,-0.242998836,1780.738149,0.232374483,1.943073645,0.000209037,127.7491394,65.90335124,151.23775,87.55591154
10.25,50.21260289,1.664563663,0.665825465,1.664563663,0.665825465,-0.243545584,1773.145938,0.231149028,1.945191669,0.000208657,127.5709048,65.77946719,150.9170171,87.35471256
10.275,49.99814014,1.662253597,0.664901439,1.662253597,0.664901439,-0.244037952,1765.532329,0.229890325,1.947048631,0.000208277,127.3929977,65.65823477,150.5948793,87.15387918
10.3,49.78327904,1.659698803,0.663879521,1.659698803,0.663879521,-0.244474862,1757.900561,0.228597069,1.948639192,0.000207895,127.2156659,65.53982353,150.2714744,86.95349117
10.325,49.56806821,1.656916374,0.66276655,1.656916374,0.66276655,-0.244856847,1750.253236,0.227268561,1.9499629,0.000207513,127.0391355,65.42439388,149.9469334,86.75363494
10.35,49.35255572,1.653906829,0.661562732,1.653906829,0.661562732,-0.245184599,1742.592461,0.225904571,1.951023372,0.00020713,126.8636141,65.31209931,149.6213782,86.55439821
10.375,49.13678899,1.650670712,0.660268285,1.650670712,0.660268285,-0.245458823,1734.919989,0.224505169,1.951827542,0.000206746,126.6892942,65.2030857,149.2949239,86.35586556
10.4,48.9208148,1.647208588,0.658883435,1.647208588,0.658883435,-0.245680256,1727.237337,0.223070648,1.952384898,0.000206362,126.5163567,65.09748845,148.9676816,86.15811619
10.425,48.70467942,1.643455692,0.657382277,1.643455692,0.657382277,-0.245848944,1719.545886,0.221601532,1.952706801,0.000205977,126.3449712,64.99542964,148.6397618,85.96122451
10.45,48.48842982,1.639456589,0.655782636,1.639456589,0.655782636,-0.245964042,1711.846972,0.220098613,1.95280603,0.000205592,126.1752953,64.89701757,148.3112764,85.76526357
10.475,48.27211256,1.635231348,0.654092539,1.635231348,0.654092539,-0.246026965,1704.141938,0.218562949,1.952696155,0.000205207,126.0074714,64.80234757,147.9823402,85.5703082
10.5,48.05577294,1.630780649,0.65231226,1.630780649,0.65231226,-0.246039011,1696.432134,0.21699472,1.952391019,0.000204822,125.8416256,64.71150233,147.6530703,85.37643666
10.525,47.8394552,1.62610518,0.650442072,1.62610518,0.650442072,-0.246001399,1688.718916,0.215395695,1.951903713,0.000204436,125.6778701,64.62454169,147.323585,85.18372743
10.55,47.62320254,1.62120564,0.648482256,1.62120564,0.648482256,-0.245915077,1681.00365,0.213771361,1.951245476,0.00020405,125.5163008,64.54152071,146.9940081,84.99225773
10.575,47.40705763,1.615983323,0.646393329,1.615983323,0.646393329,-0.245779866,1673.287714,0.212122911,1.950426489,0.000203664,125.3569976,64.46248187,146.6644702,84.8021042
10.6,47.19106463,1.61049253,0.644197012,1.61049253,0.644197012,-0.245593592,1665.572532,0.210451628,1.949456422,0.000203279,125.200023,64.38744365,146.3351101,84.61334813
10.625,46.97526778,1.604776438,0.641910575,1.604776438,0.641910575,-0.245357925,1657.859581,0.208759205,1.948344478,0.000202893,125.0454205,64.3164087,146.0060722,84.42607764
10.65,46.75970973,1.598835904,0.639534362,1.598835904,0.639534362,-0.245074458,1650.150342,0.207047643,1.947099363,0.000202508,124.8932176,64.24937299,145.6775014,84.24038533
10.675,46.54443189,1.592671795,0.637068718,1.592671795,0.637068718,-0.244744429,1642.446276,0.205319,1.945729476,0.000202122,124.7434302,64.18632942,145.3495391,84.05636378
10.7,46.32947468,1.586284993,0.634513997,1.586284993,0.634513997,-0.244368842,1634.748825,0.203575226,1.944242995,0.000201737,124.5960678,64.12726548,145.0223232,83.87410032
10.725,46.11487775,1.579559473,0.631823789,1.579559473,0.631823789,-0.243947842,1627.0594,0.201818156,1.942647897,0.000201353,124.451136,64.07215982,144.6959899,83.69367459
10.75,45.9006831,1.572470254,0.628988102,1.572470254,0.628988102,-0.243476405,1619.379429,0.20004962,1.940952339,0.000200969,124.3086356,64.02098285,144.3706744,83.51516178
10.775,45.69346806,0,0,0,0,-0.214095451,1633.214699,0.198347027,1.940013887,0.000382585,124.1678487,63.97703463,144.045737,83.34248308
10.8,45.5275905,0,0,0,0,-0.166647554,1667.41716,0.197237281,1.944848663,0.000497647,124.0163848,63.97478481,143.7077013,83.21389984
10.825,45.39627495,0,0,0,0,-0.134803834,1712.148244,0.197019397,1.955069996,0.00059427,123.8171292,64.057832,143.3222613,83.17245597
10.85,45.291298,0,0,0,0,-0.105017492,1772.050356,0.197308889,1.970127123,0.000663337,123.5270052,64.26733275,142.8518734,83.26211927
10.875,45.21276001,0,0,0,0,-0.075371559,1830.991918,0.19766372,1.990552292,0.000705953,123.124229,64.6101709,142.2806341,83.49480044
10.9,45.15951986,0,0,0,0,-0.047992205,1881.213671,0.197955022,2.016259879,0.00074052,122.6140947,65.05577351,141.6185667,83.84739243
10.925,45.12894287,0,0,0,0,-0.024385414,1918.402682,0.198336512,2.046433043,0.000760113,122.0199042,65.55850008,140.8914592,84.27945221
10.95,45.11705324,0,0,0,0,-0.005902004,1940.941146,0.198874873,2.079517687,0.000768391,121.3698972,66.08002795,140.1311157,84.75073366
10.975,45.11905218,0,0,0,0,0.006981514,1950.394533,0.199558606,2.11370295,0.000768584,120.6882786,66.59851537,139.3589942,85.23263759
11,45.13025225,0,0,0,0,0.014992681,1949.965646,0.200269369,2.147291917,0.000763337,119.9947655,67.10343605,138.5908572,85.70854
11.025,45.14668022,0,0,0,0,0.018828099,1942.899678,0.200928054,2.178886286,0.000754761,119.3044872,67.58677197,137.8395748,86.16758281
11.05,45.16504515,0,0,0,0,0.019466537,1932.535942,0.20161018,2.207417129,0.000751865,118.6288326,68.03879911,137.1158682,86.5997506
11.075,45.18313641,0,0,0,0,0.018347087,1923.541609,0.202312579,2.23216232,0.000753648,117.9762266,68.44935287,136.4281144,86.99511522
11.1,45.20000087,0,0,0,0,0.016722951,1916.88964,0.20304756,2.252754989,0.000755453,117.3522471,68.81100679,135.7816971,87.34600501
11.125,45.21546434,0,0,0,0,0.015146891,1912.709907,0.203844331,2.26911019,0.00075748,116.7592915,69.12152392,135.1783561,87.64979839
11.15,45.22969035,0,0,0,0,0.013861723,1910.771707,0.204665959,2.281368013,0.000759712,116.1967519,69.38355562,134.6160655,87.91222123
11.175,45.24301934,0,0,0,0,0.01310626,1910.636369,0.20546456,2.289835445,0.000762047,115.6616611,69.60072975,134.0898556,88.13581385
11.2,45.25595063,0,0,0,0,0.01290989,1911.785262,0.206230922,2.294938296,0.000765043,115.1498856,69.77945488,133.5933602,88.32360982
11.225,45.2689816,0,0,0,0,0.013368968,1915.047226,0.206940824,2.297172101,0.000774334,114.657201,69.92789563,133.1203185,88.4819425
11.25,45.282798,0,0,0,0,0.014662198,1920.253071,0.207588784,2.29709083,0.000782545,114.1799132,70.0538057,132.665606,88.61792824
11.275,45.29804775,0,0,0,0,0.016574577,1926.261137,0.208160819,2.295234342,0.000789414,113.715227,70.16320589,132.2255459,88.73758126
11.3,45.31515137,0,0,0,0,0.018826612,1932.161498,0.208637462,2.292068246,0.000794794,113.26125,70.26020759,131.7976613,88.84511019
11.325,45.33428625,0,0,0,0,0.021152209,1937.3242,0.208998709,2.287963382,0.000798656,112.8168884,70.34740193,131.3802691,88.94293801
11.35,45.35541615,0,0,0,0,0.023335386,1941.391633,0.209236444,2.283196075,0.000801073,112.3817668,70.42629557,130.9722018,89.03198996
11.375,45.37834832,0,0,0,0,0.025261501,1944.613771,0.209359757,2.277958505,0.000805976,111.9561312,70.49762899,130.5726906,89.11208555
11.4,45.40293463,0,0,0,0,0.027141346,1948.111091,0.20938199,2.272388794,0.000811665,111.540658,70.56167888,130.1812955,89.18244146
11.425,45.42916945,0,0,0,0,0.029006012,1951.563199,0.209320564,2.266593472,0.00081597,111.136115,70.61862588,129.7977705,89.24227948
11.45,45.45700589,0,0,0,0,0.030777727,1954.643175,0.209185211,2.260635868,0.000818985,110.7430057,70.66881598,129.4219033,89.29127722
11.475,45.48632871,0,0,0,0,0.03238314,1957.145078,0.208984948,2.254547144,0.000820819,110.3613951,70.7128231,129.0534023,89.32968414
11.5,45.51696571,0,0,0,0,0.033768283,1958.971609,0.208728531,2.24833933,0.000821601,109.9910182,70.75120577,128.6919411,89.35801785
11.525,45.54870747,0,0,0,0,0.034903571,1960.135867,0.208424943,2.242013777,0.000822323,109.6315318,70.78421483,128.3372873,89.37664871
11.55,45.58136922,0,0,0,0,0.035924408,1961.586318,0.20808979,2.235569959,0.00082617,109.2827198,70.81169327,127.9893979,89.38558577
11.575,45.61495405,0,0,0,0,0.037018964,1963.496059,0.207740567,2.229024725,0.000829055,108.9444775,70.83332148,127.64835,89.38467314
11.6,45.64952096,0,0,0,0,0.038162227,1965.521014,0.207384821,2.222396902,0.000831008,108.6166295,70.84895873,127.3141935,89.37402454
11.625,45.68508803,0,0,0,0,0.039296497,1967.390217,0.207026302,2.215699661,0.000832066,108.2987284,70.85887198,126.9867987,89.3542705
11.65,45.72162021,0,0,0,0,0.040361949,1968.916566,0.206665676,2.208943798,0.000832281,107.9900436,70.86363149,126.6658474,89.32637258
11.675,45.75903356,0,0,0,0,0.04130924,1969.993353,0.206302098,2.202140077,0.000831725,107.6897369,70.8637828,126.3509662,89.29129729
11.7,45.79720895,0,0,0,0,0.042114159,1970.669376,0.205935499,2.195299166,0.000831257,107.3970897,70.85959482,126.0418934,89.24969905
11.725,45.83603444,0,0,0,0,0.042811736,1971.122168,0.205569226,2.188432906,0.000830417,107.1116484,70.85099948,125.7385713,89.2018104
11.75,45.87541878,0,0,0,0,0.043404566,1971.308842,0.205206342,2.181552445,0.000828992,106.8332268,70.83769067,125.4411288,89.14756655
11.775,45.91526596,0,0,0,0,0.043885861,1971.207621,0.204843897,2.174664029,0.000827057,106.5618006,70.81935507,125.149792,89.08683241
11.8,45.95547595,0,0,0,0,0.044253561,1970.821849,0.20448808,2.167771327,0.00082468,106.2973785,70.79583115,124.8647771,89.01957862
11.825,45.99594951,0,0,0,0,0.044511555,1970.172969,0.204140493,2.16087691,0.000821927,106.0399128,70.7671161,124.5862211,88.94592697
11.85,46.0365908,0,0,0,0,0.044630835,1968.442849,0.203797965,2.153983322,0.000802771,105.7892748,70.73329091,124.314176,88.86609349
11.875,46.07668432,0,0,0,0,0.042788419,1955.985774,0.20336813,2.147025575,0.000752207,105.5455034,70.69407117,124.0488696,88.77992405
11.9,46.11365124,0,0,0,0,0.037598733,1933.493724,0.202785131,2.139732268,0.000704576,105.3099797,70.64710616,123.791792,88.68503503
11.925,46.14462759,0,0,0,0,0.028449372,1886.515115,0.202019986,2.131802491,0.000340092,105.0867122,70.58683018,123.5465564,88.57538196
11.95,46.161287,0,0,0,0,0.005845614,1805.350245,0.200668929,2.122299029,0.000318041,104.8853294,70.50053426,123.3218631,88.43705031
11.975,46.15768626,0,0,0,0,-0.016223791,1747.747175,0.199396348,2.110480164,0.000302302,104.7218619,70.36854942,123.1317713,88.24820866
12,46.13625634,0,0,0,0,-0.03421688,1711.476975,0.198275948,2.096414944,0.000293725,104.6144717,70.17226525,122.9915284,87.98757585
12.025,46.10118682,0,0,0,0,-0.047010928,1691.949819,0.197284083,2.080240976,0.000286253,104.5743825,69.90492181,122.9112526,87.64681208
12.05,46.05709773,0,0,0,0,-0.054695259,1683.898604,0.19646388,2.062219722,0.000283708,104.5980256,69.58005956,122.8889155,87.2400134
12.075,46.00816304,0,0,0,0,-0.058129647,1683.002349,0.195739029,2.042811743,0.000284396,104.6670376,69.22660559,122.909665,86.79852605
12.1,45.95756947,0,0,0,0,-0.058625441,1685.91182,0.195022519,2.022683847,0.000286465,104.7556661,68.876546,122.9505606,86.35754417
12.125,45.90731166,0,0,0,0,-0.057489674,1690.425617,0.194238116,2.002615558,0.000288683,104.8393223,68.55367359,122.9885035,85.9436539
12.15,45.85839872,0,0,0,0,-0.055608951,1695.232954,0.193348943,1.983364926,0.000290405,104.9009945,68.26844554,123.0062845,85.56868306
12.175,45.81127086,0,0,0,0,-0.053422954,1699.438737,0.192366459,1.965549184,0.000288827,104.9339398,68.01946186,122.9953959,85.23086871
12.2,45.76607155,0,0,0,0,-0.051216371,1702.07493,0.191332601,1.949564387,0.000284123,104.9404012,67.79894378,122.955362,84.9208726
12.225,45.72272686,0,0,0,0,-0.049185343,1702.97694,0.190292137,1.935562991,0.000278322,104.9277645,67.59847094,122.8914267,84.62856499
12.25,45.68103597,0,0,0,0,-0.047431878,1702.228497,0.189270264,1.923499101,0.000271445,104.9042851,67.41239748,122.8112682,84.34734688
12.275,45.64074219,0,0,0,0,-0.045982328,1700.007538,0.188094047,1.908569839,0.00026664,104.8762828,67.23844193,122.7219792,84.07493637
12.3,45.60158631,0,0,0,0,-0.044815565,1696.52482,0.186533379,1.890514081,0.000261903,104.847106,67.07666804,122.6281941,83.81150051
12.325,45.56333594,0,0,0,0,-0.043892569,1691.976495,0.184633138,1.869579536,0.000256552,104.8180676,66.92800908,122.5313697,83.55716163
12.35,45.52579208,0,0,0,0,-0.04318443,1686.214893,0.182461339,1.846003283,0.000249298,104.7896841,66.79320418,122.4303544,83.31039599
12.375,45.48876563,0,0,0,0,-0.042677174,1679.165359,0.180071213,1.820124505,0.000241587,104.7625526,66.67221756,122.3226858,83.06798936
12.4,45.45210985,0,0,0,0,-0.042288354,1670.868007,0.177501865,1.792345896,0.000233454,104.7376021,66.56415462,122.2059734,82.82609259
12.425,45.41577485,0,0,0,0,-0.041878583,1661.19764,0.174788831,1.763104141,0.00022489,104.7159087,66.46759153,122.0788008,82.58147781
12.45,45.37988361,0,0,0,0,-0.041165737,1649.695962,0.171974128,1.732853718,0.000215801,104.698317,66.38113919,121.9409148,82.33241127
12.475,45.34484438,0,0,0,0,-0.04005618,1635.655934,0.169099826,1.702064048,0.000205995,104.6850231,66.30407095,121.7927792,82.07903586
12.5,45.31034187,0.001073466,0.000429386,0.001073466,0.000429386,-0.040041278,1620.311732,0.166172104,1.671124452,0.000201016,104.6756341,66.23605036,121.6352775,81.82260218
12.525,45.27543141,0.002969255,0.001187702,0.002969255,0.001187702,-0.040769052,1606.895469,0.163226312,1.640348171,0.000200345,104.6697799,66.17610442,121.46978,81.56391591
12.55,45.23978614,0.004837713,0.001935085,0.004837713,0.001935085,-0.041588213,1595.90804,0.160295043,1.610070031,0.000199386,104.6677365,66.1220682,121.2982214,81.30237359
12.575,45.20346438,0.006681837,0.002672735,0.006681837,0.002672735,-0.042214562,1587.291834,0.157408998,1.58060595,0.000198094,104.6704221,66.07091164,121.1229962,81.03617561
12.6,45.16664478,0.008511918,0.003404767,0.008511918,0.003404767,-0.042676465,1580.807461,0.154596893,1.552226922,0.000197121,104.6785426,66.02021641,120.9462488,80.76393975
12.625,45.12954454,0.010342099,0.00413684,0.010342099,0.00413684,-0.042766687,1576.105506,0.151886876,1.525162836,0.000196416,104.6919116,65.96912753,120.7692678,80.48588466
12.65,45.09252889,0.012201059,0.004880424,0.012201059,0.004880424,-0.042439857,1572.800886,0.149295397,1.4996268,0.00019592,104.7092228,65.91832687,120.592308,80.20397117
12.675,45.0559541,0.014159899,0.00566396,0.014159899,0.00566396,-0.041731391,1570.522481,0.146832156,1.475811863,0.000195578,104.7282442,65.86925581,120.4148078,79.92115103
12.7,45.02013246,0.016181148,0.006472459,0.016181148,0.006472459,-0.040702317,1568.944557,0.144501138,1.453891203,0.000195342,104.7463122,65.82331623,120.2358129,79.64045813
12.725,44.98530973,0.018280302,0.007312121,0.018280302,0.007312121,-0.039459227,1567.802675,0.142318669,1.434012865,0.00019517,104.7609066,65.78130742,120.0544483,79.36425948
12.75,44.95162569,0.020467882,0.008187153,0.020467882,0.008187153,-0.038079095,1566.897333,0.140295153,1.416292217,0.000195035,104.7700969,65.7432145,119.8702894,79.09389412
12.775,44.91920076,0.022752786,0.009101114,0.022752786,0.009101114,-0.03658296,1566.08938,0.138440446,1.400814348,0.000194913,104.7726864,65.7083833,119.6834888,78.82989351
12.8,44.88811601,0.025141664,0.010056666,0.025141664,0.010056666,-0.035020655,1565.291182,0.136763988,1.387630649,0.000194794,104.7681119,65.67581545,119.4947324,78.57229476
12.825,44.85841429,0.027611288,0.011044515,0.027611288,0.011044515,-0.033428853,1564.455607,0.135273202,1.376760726,0.000194668,104.7561477,65.64447548,119.3050425,78.32100506
12.85,44.83011199,0.030171867,0.012068747,0.030171867,0.012068747,-0.031831278,1563.564876,0.133972646,1.368197982,0.000194535,104.7367308,65.61345181,119.1155539,78.07602879
12.875,44.80320857,0.032844964,0.013137986,0.032844964,0.013137986,-0.030242902,1562.620605,0.132864612,1.361916112,0.000194393,104.7097926,65.58196278,118.9273444,77.83749862
12.9,44.77769363,0.035632295,0.014252918,0.035632295,0.014252918,-0.028671289,1561.63566,0.131941647,1.357874825,0.000194245,104.675171,65.54929127,118.7413401,77.60559512
12.925,44.75355248,0.038535333,0.015414133,0.038535333,0.015414133,-0.027118756,1560.628087,0.131212655,1.356022216,0.000194094,104.6326224,65.51473351,118.5582843,77.3804508
12.95,44.73076992,0.041555516,0.016622206,0.041555516,0.016622206,-0.025584342,1559.616956,0.130682791,1.356299795,0.000193943,104.5818648,65.47757294,118.3787691,77.16203967
12.975,44.70933264,0.044688751,0.0178755,0.044688751,0.0178755,-0.024064444,1558.619832,0.130328982,1.358648458,0.000193793,104.5226242,65.43710856,118.2032806,76.95023159
13,44.68923144,0.047756605,0.019102642,0.047756605,0.019102642,-0.02255257,1557.651486,0.130138761,1.363017016,0.000193648,104.4546918,65.39270814,118.0322175,76.74483571
13.025,44.67046384,0.050940923,0.020376369,0.050940923,0.020376369,-0.021032114,1556.723495,0.130113139,1.369367313,0.000193509,104.3779598,65.34386035,117.8658823,76.54563369
13.05,44.65311884,0.05427644,0.021710576,0.05427644,0.021710576,-0.019427298,1555.843807,0.130093764,1.379172048,0.000193377,104.2886336,65.28989659,117.6934403,76.35249637
13.075,44.63708819,0.057732393,0.023092957,0.057732393,0.023092957,-0.017974228,1555.015252,0.130391918,1.390834044,0.000193252,104.1883891,65.22827241,117.4963275,76.16641744
13.1,44.6223302,0.061304445,0.024521778,0.061304445,0.024521778,-0.016546822,1554.240519,0.130993764,1.404093179,0.000193136,104.0944273,65.15577565,117.3015169,75.98957476
13.125,44.60882648,0.064990965,0.025996386,0.064990965,0.025996386,-0.01513966,1553.525972,0.131887167,1.418802878,0.000193029,104.0231255,65.069553,117.1380295,75.8253937
13.15,44.59656077,0.068647576,0.02745903,0.068647576,0.02745903,-0.013752643,1552.880701,0.133053712,1.434803061,0.000192932,103.9834587,64.969567,117.0230637,75.67734632
13.175,44.58551779,0.072266438,0.028906575,0.072266438,0.028906575,-0.012383638,1552.313791,0.13444194,1.451964701,0.000192847,103.9757066,64.85859023,116.9601179,75.54769443
13.2,44.57568062,0.07599137,0.030396548,0.07599137,0.030396548,-0.011038681,1551.831717,0.135982314,1.470214305,0.000192775,103.9935811,64.74018212,116.9424086,75.43677471
13.225,44.56702635,0.079823998,0.031929599,0.079823998,0.031929599,-0.009723417,1551.436907,0.137621155,1.489534404,0.000192716,104.0278335,64.61669589,116.958347,75.34292811
13.25,44.55956219,0.083767496,0.033506999,0.083767496,0.033506999,-0.008373257,1551.128027,0.139190726,1.509945701,0.000192669,104.0699223,64.48735646,116.9962848,75.25965771
13.275,44.55322694,0.08782174,0.035128696,0.08782174,0.035128696,-0.007176799,1550.903496,0.140824411,1.531408432,0.000192636,104.1127554,64.34734968,117.0485888,75.15693348
13.3,44.54795614,0.091985922,0.036794369,0.091985922,0.036794369,-0.005979505,1550.762964,0.142756135,1.553887106,0.000192614,104.1518198,64.21137152,117.112803,75.05151383
13.325,44.54375887,0.095945433,0.038378173,0.095945433,0.038378173,-0.004768228,1550.7,0.144945272,1.577471085,0.000192605,104.1851621,64.09702345,117.1907773,74.97512366
13.35,44.5406449,0.099978366,0.039991346,0.099978366,0.039991346,-0.003555594,1550.70197,0.147319978,1.602306132,0.000192605,104.2136094,64.01067482,117.286716,74.941623
13.375,44.53860484,0.104114744,0.041645898,0.104114744,0.041645898,-0.002368958,1550.754781,0.1498228,1.628505935,0.000192613,104.2404334,63.94760914,117.404664,74.94822311
13.4,44.53760836,0.108353812,0.043341525,0.108353812,0.043341525,-0.001227972,1550.84731,0.152422233,1.656102018,0.000192627,104.2694572,63.89837263,117.5467306,74.9835303
13.425,44.5376132,0.112694553,0.045077821,0.112694553,0.045077821,-0.00014048,1550.973354,0.155103779,1.685044322,0.000192646,104.303108,63.85493432,117.7123742,75.03610311
13.45,44.53857441,0.117136223,0.046854489,0.117136223,0.046854489,0.000894411,1551.130936,0.157872951,1.715235426,0.00019267,104.3414935,63.81347497,117.8987768,75.09911262
13.475,44.54044956,0.121572441,0.048628976,0.121572441,0.048628976,0.001881246,1551.320229,0.160724785,1.746573796,0.000192698,104.3827164,63.7738579,118.1019656,75.17053635
13.5,44.54320286,0.125816247,0.050326499,0.125816247,0.050326499,0.002831834,1551.541596,0.163656543,1.778980514,0.000192731,104.4239776,63.73747828,118.3181085,75.25115519
13.525,44.54680625,0.130148585,0.052059434,0.130148585,0.052059434,0.003748586,1551.794641,0.166672287,1.812405179,0.000192769,104.4627748,63.70529972,118.544456,75.34221211
13.55,44.55123003,0.134569449,0.05382778,0.134569449,0.05382778,0.004628379,1552.078034,0.169781428,1.846815842,0.000192812,104.4976658,63.67700701,118.7796694,75.44398937
13.575,44.55644197,0.139078498,0.055631399,0.139078498,0.055631399,0.005468743,1552.389969,0.172993143,1.882184917,0.000192858,104.5284026,63.65123555,119.0235923,75.55559615
13.6,44.56240822,0.143675136,0.057470054,0.143675136,0.057470054,0.006268498,1552.728751,0.176320739,1.918479153,0.000192909,104.5555595,63.62629176,119.2767323,75.67550464
13.625,44.56909441,0.148358641,0.059343456,0.148358641,0.059343456,0.007027389,1553.093122,0.179764976,1.95565889,0.000192964,104.5799606,63.60078687,119.539727,75.80226387
13.65,44.57646656,0.15287083,0.061148332,0.15287083,0.061148332,0.007747949,1553.482237,0.183316332,1.99368214,0.000193022,104.6022021,63.57389492,119.8129825,75.93494973
13.675,44.58449702,0.157281818,0.062912727,0.157281818,0.062912727,0.008439123,1553.8955,0.186963481,2.032512705,0.000193084,104.6224401,63.54526978,120.0965381,76.07319159
13.7,44.59316134,0.161764357,0.064705743,0.161764357,0.064705743,0.009099697,1554.332393,0.19066595,2.072127593,0.00019315,104.6404104,63.51480702,120.3900724,76.21692258
13.725,44.60243135,0.166318017,0.066527207,0.166318017,0.066527207,0.009724002,1554.792174,0.194474911,2.112521964,0.000193219,104.6556626,63.48243,120.6930319,76.36607646
13.75,44.6122754,0.170942228,0.068376891,0.170942228,0.068376891,0.010309662,1555.273819,0.198385664,2.153696742,0.000193291,104.6678238,63.44794272,121.0048357,76.52044262
13.775,44.62266032,0.175636312,0.070254525,0.175636312,0.070254525,0.010855364,1555.776065,0.202392487,2.195652714,0.000193366,104.6766333,63.41100753,121.325017,76.67966693
13.8,44.63355227,0.180399502,0.072159801,0.180399502,0.072159801,0.011360637,1556.297524,0.2064922,2.238388623,0.000193445,104.6819616,63.3711947,121.6533093,76.84336238
13.825,44.64491865,0.18480743,0.073922972,0.18480743,0.073922972,0.011830929,1556.836794,0.21068412,2.281900592,0.000193526,104.6837922,63.32808857,121.9896322,77.01120283
13.85,44.65673502,0.189222957,0.075689183,0.189222957,0.075689183,0.012273733,1557.392677,0.214968544,2.32618344,0.000193609,104.6821751,63.28137573,122.3340171,77.18297256
13.875,44.6689774,0.193690619,0.077476248,0.193690619,0.077476248,0.012685416,1557.964166,0.219330789,2.371230188,0.000193695,104.6771639,63.23086452,122.6865217,77.3585605
13.9,44.68161904,0.198209671,0.079283868,0.198209671,0.079283868,0.013063263,1558.550267,0.223768266,2.417026928,0.000193783,104.6688238,63.17639329,123.0471494,77.53789403
13.925,44.69463104,0.202779252,0.081111701,0.202779252,0.081111701,0.013405088,1559.149935,0.228303788,2.463552834,0.000193872,104.6572108,63.11797311,123.4158468,77.72089771
13.95,44.70798355,0.20739844,0.082959376,0.20739844,0.082959376,0.013711651,1559.762046,0.232877781,2.510789968,0.000193964,104.6423842,63.05564236,123.7925226,77.90745969
13.975,44.72164653,0.211890859,0.084756343,0.211890859,0.084756343,0.013980212,1560.38536,0.237530672,2.55873751,0.000194058,104.6244535,62.98940967,124.1770785,78.09740343
14,44.73559286,0.215766742,0.086306697,0.215766742,0.086306697,0.014225675,1561.018684,0.242287403,2.607402495,0.000194153,104.6035198,62.91924409,124.5693308,78.29055717
14.025,44.74980795,0.219663263,0.087865305,0.219663263,0.087865305,0.014451663,1561.661197,0.247138637,2.656789189,0.000194249,104.5796778,62.84511809,124.9691196,78.4867956
14.05,44.76427368,0.223579777,0.089431911,0.223579777,0.089431911,0.014651762,1562.312227,0.252077007,2.70689652,0.000194347,104.5529601,62.76697545,125.3763746,78.68610846
14.075,44.77896743,0.227515428,0.091006171,0.227515428,0.091006171,0.014821699,1562.971049,0.257099265,2.757718972,0.000194446,104.5233349,62.68474474,125.7911026,78.88858959
14.1,44.79386353,0.231469212,0.092587685,0.231469212,0.092587685,0.014958512,1563.636834,0.262204995,2.809247727,0.000194546,104.4907522,62.59836484,126.2133461,79.09436329
14.125,44.80893418,0.235440011,0.094176004,0.235440011,0.094176004,0.01506013,1564.308627,0.26739393,2.861471095,0.000194646,104.4551933,62.50779773,126.6431449,79.30351468
14.15,44.82415064,0.238913198,0.095565279,0.238913198,0.095565279,0.015128793,1564.985368,0.272664933,2.914374619,0.000194748,104.4166967,62.41302804,127.0805179,79.5160616
14.175,44.83949567,0.241941671,0.096776669,0.241941671,0.096776669,0.015184745,1565.666139,0.278016246,2.967943462,0.00019485,104.3753522,62.31406564,127.5254589,79.73197686
14.2,44.85496004,0.244954208,0.097981683,0.244954208,0.097981683,0.015223529,1566.350394,0.283421238,3.022162081,0.000194953,104.3312737,62.21095571,127.9779346,79.95123774
14.225,44.87052805,0.247950002,0.099180001,0.247950002,0.099180001,0.015238267,1567.037626,0.288861853,3.077002014,0.000195056,104.2846121,62.10383896,128.4378396,80.17397045
14.25,44.88617883,0.250928036,0.100371214,0.250928036,0.100371214,0.015224392,1567.727231,0.294392916,3.132418518,0.000195159,104.235524,61.9929339,128.9050328,80.40012977
14.275,44.90188883,0.253887157,0.101554863,0.253887157,0.101554863,0.015181754,1568.418468,0.299970277,3.188369014,0.000195263,104.1841632,61.87847165,129.3793603,80.6295989
14.3,44.91763485,0.256826172,0.102730469,0.256826172,0.102730469,0.015106967,1569.110374,0.305606648,3.244826405,0.000195367,104.130586,61.76065055,129.8606433,80.86232512
14.325,44.9333985,0.258902849,0.103561139,0.258902849,0.103561139,0.015025354,1569.801646,0.311335058,3.301775587,0.00019547,104.074957,61.63956749,130.3487922,81.09832066
14.35,44.94917245,0.260831833,0.104332733,0.260831833,0.104332733,0.014920678,1570.488797,0.317140787,3.359202287,0.000195573,104.0174494,61.51526197,130.8437697,81.33762947
14.375,44.96494017,0.262708446,0.105083378,0.262708446,0.105083378,0.014797076,1571.170133,0.32301437,3.417085626,0.000195676,103.9581413,61.38771367,131.3455881,81.5803441
14.4,44.98068461,0.26453164,0.105812656,0.26453164,0.105812656,0.014648311,1571.845421,0.328950454,3.475402502,0.000195777,103.8970527,61.25688926,131.8542805,81.82659174
14.425,44.99638422,0.266300171,0.106520068,0.266300171,0.106520068,0.014470239,1572.514659,0.334946454,3.534127592,0.000195877,103.8342073,61.1227833,132.3698689,82.07648307
14.45,45.01205278,0.268013552,0.107205421,0.268013552,0.107205421,0.014345529,1573.178116,0.340165347,3.573006106,0.000195977,103.7694451,60.98573227,132.8923564,82.32981894
14.475,45.02778977,0.269403302,0.107761321,0.269403302,0.107761321,0.014413765,1573.841225,0.343133103,3.588323245,0.000196076,103.703169,60.84830207,133.4203972,82.58452701
14.5,45.04372913,0.270044658,0.108017863,0.270044658,0.108017863,0.014626882,1574.511095,0.344718354,3.585790309,0.000196177,103.6399554,60.7162148,133.9488518,82.83589979
14.525,45.05995706,0.270612694,0.108245078,0.270612694,0.108245078,0.014942818,1575.192949,0.345456856,3.566627638,0.000196279,103.58787,60.59846153,134.4689768,83.07699955
14.55,45.0765213,0.2711091,0.10844364,0.2711091,0.10844364,0.01533305,1575.890495,0.345338636,3.532296232,0.000196384,103.5557799,60.5042662,134.9709231,83.30082179
14.575,45.0934595,0.271535323,0.108614129,0.271535323,0.108614129,0.015792658,1576.606658,0.344185745,3.484368903,0.000196491,103.5505648,60.44021531,135.4467501,83.50261482
14.6,45.11080453,0.271892732,0.108757093,0.271892732,0.108757093,0.016312668,1577.343665,0.341909043,3.424486536,0.000196602,103.5759485,60.40954697,135.8916477,83.68053324
14.625,45.12858992,0.272182687,0.108873075,0.272182687,0.108873075,0.016908984,1578.102735,0.338548152,3.354335561,0.000196715,103.6330716,60.41322203,136.3033186,83.83475178
14.65,45.14684521,0.271711567,0.108684627,0.271711567,0.108684627,0.017531198,1578.880113,0.334174315,3.275621303,0.000196832,103.7221075,60.4511173,136.6807344,83.96614427
14.675,45.16558338,0.270870309,0.108348124,0.270870309,0.108348124,0.018196472,1579.672282,0.328942615,3.190034448,0.000196951,103.8431305,60.52314802,137.0231313,84.0753273
14.7,45.18481515,0.26993385,0.10797354,0.26993385,0.10797354,0.018877511,1580.478515,0.323060317,3.099205168,0.000197072,103.9967263,60.62964652,137.3298214,84.16250837
14.725,45.20453563,0.268902192,0.107560877,0.268902192,0.107560877,0.019554103,1581.298709,0.316593138,3.004632398,0.000197195,104.1836429,60.77078991,137.6003388,84.22777678
14.75,45.22472854,0.267774935,0.107109974,0.267774935,0.107109974,0.020211232,1582.132955,0.309602781,2.907658313,0.00019732,104.4041935,60.94608085,137.8347768,84.27155506
14.775,45.24537216,0.266551497,0.106620599,0.266551497,0.106620599,0.020842111,1582.981334,0.302160216,2.809458293,0.000197447,104.65805,61.15426088,138.0339502,84.29481592
14.8,45.26643571,0.265058396,0.106023358,0.265058396,0.106023358,0.021431274,1583.843783,0.294309661,2.711040526,0.000197577,104.9443307,61.39355837,138.1992964,84.29900087
14.825,45.2878915,0.262664703,0.105065881,0.262664703,0.105065881,0.021995936,1584.72007,0.286110408,2.613237357,0.000197708,105.261899,61.66178223,138.3325872,84.28580989
14.85,45.30972487,0.260142533,0.104057013,0.260142533,0.104057013,0.022536466,1585.610104,0.277722533,2.516709813,0.000197842,105.6095471,61.95720539,138.435739,84.25710844
14.875,45.33191581,0.257491436,0.102996574,0.257491436,0.102996574,0.023046967,1586.513696,0.269099352,2.42198721,0.000197977,105.9861161,62.27843911,138.5106758,84.21459042
14.9,45.35443873,0.254710802,0.101884321,0.254710802,0.101884321,0.023515931,1587.430302,0.26038767,2.329512043,0.000198115,106.3905509,62.62413363,138.5592762,84.15981991
14.925,45.37725932,0.251799741,0.100719896,0.251799741,0.100719896,0.023940829,1588.359088,0.25160441,2.239637843,0.000198254,106.8216939,62.99285659,138.5834051,84.09443962
14.95,45.40034174,0.248757336,0.099502934,0.248757336,0.099502934,0.024315381,1589.298866,0.242856532,2.152642729,0.000198395,107.2782666,63.38314144,138.5849395,84.02012753
14.975,45.42364519,0.245066628,0.098026651,0.245066628,0.098026651,0.024641098,1590.248234,0.234215949,2.068727163,0.000198537,107.7589812,63.79327566,138.5661217,83.93872627
15,45.44713903,0.240975434,0.096390174,0.240975434,0.096390174,0.024932755,1591.205793,0.22567227,1.988010823,0.000198681,108.2623444,64.22130047,138.5295496,83.85220467
